"Tag","petri_dish","population","family","common_garden","ID","gh_bench","gh_col","gh_row","Row_Field","Col_Field","z_log_len_bolt","z_log_wid_bolt","z_log_stemheight_bolt","z_log_leafnumber_bolt","z_RGR1","z_RGR2","z_RGR3","z_RGR4","z_ChlorA","z_ChlorB","z_gluc_Conc","z_flav_Conc","z_Leaf_Len","z_Leaf_Wid","z_TotalLeaf_Area","z_NumberOfLeaves","mortality"
"d|JBBLB2-1-20|Q|215","d","JBBLB2","1-20","Q","215",3,1,21,8,3,-0.317357798829474,-0.536789830901542,0.333348095638864,-0.248766162480647,-1.73729162846348,0.109367929853193,0.180958979453295,-0.137259874580259,0.35267397731848,-0.28607783033337,0.495294484353887,0.982163443946424,-0.368266308013822,-0.486203861892571,-1.16263592748204,-1.20153351259992,"1"
"d|BWPEM1-9-0|Q|22","d","BWPEM1","9-0","Q","22",3,1,21,8,3,-1.09381845054329,-0.684840921874468,0.0617149075097293,-0.726549614937116,-1.67748065880681,-0.65055748510828,0.450454410337434,0.502930405432686,-0.118091734033912,-0.17880058287991,-0.0688409263166121,-0.006381512208297,0.130294479041361,0.127604415830966,-0.616691941837822,-1.20153351259992,"1"
"d|BWPEM1-9-0|Q|21","d","BWPEM1","9-0","Q","21",3,4,20,4,2,0.00409547042856664,-0.0639838522780803,0.318258737723087,-0.0591544119834215,1.35134684460706,-0.481003202719097,0.91407331055059,-2.42821511602309,0.983711496303254,0.250454685822104,-0.0843351313368466,-0.622089919563255,-1.24158602153205,-1.73036241257433,-1.96294649036437,-2.35351925148437,"1"
"b|JBCHY1-1-50|Q|223","b","JBCHY1","1-50","Q","223",3,4,20,4,2,0.418520813002491,0.289159590993038,0.909217029769372,0.630256407607975,0.394371330100309,-0.308763671513796,-0.372672479163818,0.581956387628798,1.7597460628992,0.844696778180912,1.61793402290058,1.32041398436239,-0.288873606784893,-0.266646470595789,0.656251715432325,-0.0495477737154604,"1"
"b|JBCHY1-1-50|Q|223","b","JBCHY1","1-50","Q","223",3,4,20,4,2,0.418520813002491,0.289159590993038,0.909217029769372,0.630256407607975,0.394371330100309,-0.308763671513796,-0.372672479163818,0.581956387628798,4.11424502650991,3.07016921689195,0.142761620496722,0.348981535846519,0.346268003046543,0.099282514898847,0.656251715432325,-0.0495477737154604,"1"
"d|BWPEM1-9-0|Q|18","d","BWPEM1","9-0","Q","18",4,1,9,4,4,0.266741915474635,-0.0639838522780803,0.585602476908467,-0.467656864269193,-0.186991294962542,-1.21407612951939,-0.429065889248226,0.215563197446825,-0.600074390173845,-1.29797678647171,-0.0958129455089402,1.12150678290114,-1.47976412521883,-1.3644334270797,-1.53863193794098,-1.20153351259992,"1"
"a|MSMID1-1-20|Q|366","a","MSMID1","1-20","Q","366",4,1,9,4,4,0.953783065704483,0.750768811492715,1.42970825727424,1.24195902823644,-1.00042048229328,-0.793566164915265,0.372913471471374,-0.450170834387085,-0.612561926748929,-0.819199236359869,-1.16844200802008,1.21861392844211,-0.924015216616328,-1.07169023868399,-0.818296892792911,-1.20153351259992,"1"
"a|MSMID1-1-20|Q|366","a","MSMID1","1-20","Q","366",4,1,9,4,4,0.953783065704483,0.750768811492715,1.42970825727424,1.24195902823644,-1.00042048229328,-0.793566164915265,0.372913471471374,-0.450170834387085,-1.13715872368816,-1.15327864184845,-0.558478169160243,0.245015521289636,0.505053405504401,0.904326282987047,-0.818296892792911,-1.20153351259992,"1"
"d|SMAKC1-B|N|442","d","SMAKC1","B","N","442",4,4,1,6,2,0.00409547042856664,0.289159590993038,0.446925935044313,0.108095005031815,-1.62245456672267,-0.45261628666299,-0.989204279798156,0.972296845142925,-0.648403095111338,-0.697736447927792,-0.508740974414503,0.463416350480311,-1.32097872276098,-1.43761922417863,-0.0654717935652998,-0.0495477737154604,"1"
"d|BWPEM1-9-0|Q|25","d","BWPEM1","9-0","Q","25",4,4,1,6,2,-0.901457513133585,-0.684840921874468,0.080882667469114,-0.726549614937116,-0.00995082477879344,-2.13473286647423,1.87926821391833,-1.66988498383818,-0.118091734033912,-0.17880058287991,-0.0688409263166121,-0.006381512208297,0.130294479041361,0.127604415830966,-1.07432962665048,-1.20153351259992,"1"
"e|JWBOY-2-80|Q|263","e","JWBOY1","2-80","Q","263",3,2,2,4,1,-1.89998257001162,-1.8243484732958,-1.01440782902164,-1.45191118585597,-1.42148970867625,-0.83188850159101,0.032329809221218,0.760762650375555,0.523630988976101,0.0694283795228042,2.44898242521813,1.64386380742825,-0.447659009242752,-1.14487603578292,0.191394018601997,-0.0495477737154604,"1"
"e|JWBOY-2-80|Q|263","e","JWBOY1","2-80","Q","263",3,2,2,4,1,-1.89998257001162,-1.8243484732958,-1.01440782902164,-1.45191118585597,-1.42148970867625,-0.83188850159101,0.032329809221218,0.760762650375555,0.375592309329393,-0.0737125966353725,0.0678825470883014,-0.416323849086091,0.266875301817613,0.318839906195629,0.191394018601997,-0.0495477737154604,"1"
"e|DVGM-20|Q|127","e","DVGM","20","Q","127",4,6,16,8,4,-1.09381845054329,-0.684840921874468,-0.514426476845524,-0.467656864269193,-1.45976872925652,0.0556629535308276,-0.426896911937287,0.18842296113705,0.449228028648712,-0.593580593499107,1.53349010434875,0.404574474185964,-1.55915682644776,-1.14487603578292,-0.908824735783763,-0.0495477737154604,"1"
"e|DVGM-20|Q|127","e","DVGM","20","Q","127",4,6,16,8,4,-1.09381845054329,-0.684840921874468,-0.514426476845524,-0.467656864269193,-1.45976872925652,0.0556629535308276,-0.426896911937287,0.18842296113705,-0.118091734033912,-0.17880058287991,-0.0688409263166121,-0.006381512208297,0.0286971981308248,-0.193460673496862,-0.908824735783763,-0.0495477737154604,"1"
"b|KVEDG1-1-80|Q|279","b","KVEDG1","1-80","Q","279",4,6,16,8,4,-0.317357798829474,-0.280594184717627,0.891633457588544,-0.0591544119834215,-1.33296947358438,-0.756433009858086,0.675485806347328,-0.248215546552577,1.30304459523859,2.71624460965788,1.67559637505086,1.3247459016356,-1.55915682644776,-1.21806183288184,-0.664732791032354,-0.0495477737154604,"1"
"b|KVEDG1-1-80|Q|279","b","KVEDG1","1-80","Q","279",4,6,16,8,4,-0.317357798829474,-0.280594184717627,0.891633457588544,-0.0591544119834215,-1.33296947358438,-0.756433009858086,0.675485806347328,-0.248215546552577,-1.14953743531914,-0.638263709741164,-1.70844583668811,-1.90866934970468,-0.368266308013822,0.099282514898847,-0.664732791032354,-0.0495477737154604,"1"
"d|KVEDG1-1-80|Q|294","d","KVEDG1","1-80","Q","294",3,2,17,9,4,0.00409547042856664,0.123652552439214,0.0421954259744169,-0.467656864269193,-1.79710259812015,-0.483688451535215,0.767667342062225,0.303369844331394,0.188779654228848,-0.144584802320875,-0.41637189845813,0.590846916933713,-1.00340791784526,-1.07169023868399,-0.971027916243736,-0.0495477737154604,"1"
"d|KVEDG1-1-80|Q|294","d","KVEDG1","1-80","Q","294",3,2,17,9,4,0.00409547042856664,0.123652552439214,0.0421954259744169,-0.467656864269193,-1.79710259812015,-0.483688451535215,0.767667342062225,0.303369844331394,0.66461244645417,0.644785413729858,1.17057255147874,0.417570226005574,-1.16219332030312,-1.14487603578292,-0.971027916243736,-0.0495477737154604,"1"
"b|MHBUR1-4-20|Q|343","b","MHBUR1","4-20","Q","343",3,2,17,9,4,-0.731783141403399,-1.25459469758513,-0.777031758767663,-0.467656864269193,-1.39517288202732,-0.389321135997344,-0.38785532034039,0.256273551911489,0.798416924020799,-0.242309467844749,0.106961771531382,-0.434734497497206,-1.47976412521883,-1.07169023868399,-0.965751753615435,-0.0495477737154604,"1"
"b|MHBUR1-4-20|Q|343","b","MHBUR1","4-20","Q","343",3,2,17,9,4,-0.731783141403399,-1.25459469758513,-0.777031758767663,-0.467656864269193,-1.39517288202732,-0.389321135997344,-0.38785532034039,0.256273551911489,2.52383175124123,1.16968803471123,0.340890555610245,1.26121111496195,-1.24158602153205,-0.77894705028828,-0.965751753615435,-0.0495477737154604,"1"
"b|KVEDG1-1-80|Q|281","b","KVEDG1","1-80","Q","281",4,4,2,6,2,-0.580004243875543,-0.536789830901542,-1.39383217739106,-2.02766305515698,-1.11286510524782,-0.530872109304151,-0.18071798714574,0.609894866182978,-1.71790868874158,-1.63777862062988,-1.32311921805353,-2.44113418120261,-0.447659009242752,0.0260967177999197,-1.1012658253318,-0.0495477737154604,"1"
"d|VRPET2-3-20|Q|526","d","VRPET2","3-20","Q","526",4,4,2,6,2,0.79647415314092,0.959326481724044,0.686991720755773,0.108095005031815,-0.751606848521526,-1.52863384797896,-0.571676147442448,0.708078662244814,1.76854448417349,0.992278832059116,4.33298363718037,2.68821686337639,-0.76522981415847,-0.632575456090426,0.188061705363069,-0.0495477737154604,"1"
"d|VRPET2-3-20|Q|526","d","VRPET2","3-20","Q","526",4,4,2,6,2,0.79647415314092,0.959326481724044,0.686991720755773,0.108095005031815,-0.751606848521526,-1.52863384797896,-0.571676147442448,0.708078662244814,-0.616795166770243,-0.374026542347033,-0.833125865421057,-1.70073732059092,0.425660704275472,0.538397297492411,0.188061705363069,-0.0495477737154604,"1"
"c|KVEDG1-1-80|Q|286","c","KVEDG1","1-80","Q","286",3,3,11,2,5,-0.442703530002209,0.123652552439214,0.951944937818982,-0.248766162480647,-0.684618562506053,-1.21407612951939,0.897805980718549,-0.4525655611203,-0.266093654979414,-1.37386266059157,-0.0688409263166121,-0.006381512208297,-1.32097872276098,-1.07169023868399,-0.866615434757354,-1.20153351259992,"1"
"c|KVEDG1-1-80|Q|286","c","KVEDG1","1-80","Q","286",3,3,11,2,5,-0.442703530002209,0.123652552439214,0.951944937818982,-0.248766162480647,-0.684618562506053,-1.21407612951939,0.897805980718549,-0.4525655611203,0.633113343057178,0.357312890144541,0.359473683317445,-0.259291847932466,0.74323150919119,0.684768891690265,-0.866615434757354,-1.20153351259992,"1"
"c|VRCAN-1-40|Q|493","c","VRCAN","1-40","Q","493",3,3,11,2,5,-0.901457513133585,-0.536789830901542,-0.449935101662762,-0.726549614937116,0.561842045138991,-0.75758383077928,0.346343499412374,-2.20470728758964,-0.118091734033912,-0.17880058287991,-0.0688409263166121,-0.006381512208297,0.130294479041361,0.127604415830966,-1.89963253882475,-1.20153351259992,"1"
"c|KVEDG1-1-80|Q|291","c","KVEDG1","1-80","Q","291",4,1,16,8,4,-1.09381845054329,-0.684840921874468,-0.389131015775592,-1.0434087335702,-1.00281292107955,-0.289583322827237,-0.864488084419178,0.316141720241877,-0.334407884836392,-0.936793537786251,-1.3408825018913,-0.969365287631732,0.187482600588684,-0.120274876397935,-1.49808879353404,-2.35351925148437,"1"
"a|JARI1-1-80|Q|160","a","JARI1","1-80","Q","160",2,5,7,1,4,1.09559260062249,1.05304024813231,0.524798391021297,1.01118558908226,-1.39756532081358,-0.0479109293765917,0.984565073156099,-0.133268663358233,-0.913851950560585,-0.986444932622368,-0.0688409263166121,-0.006381512208297,-1.55915682644776,-1.87673400677219,0.871741304882943,1.10243796516899,"1"
"a|JARI1-1-80|Q|160","a","JARI1","1-80","Q","160",2,5,7,1,4,1.09559260062249,1.05304024813231,0.524798391021297,1.01118558908226,-1.39756532081358,-0.0479109293765917,0.984565073156099,-0.133268663358233,-0.00998187912561681,-0.484707843834867,0.338704305291751,-0.159296757542686,0.505053405504401,-0.0470890792990076,0.871741304882943,1.10243796516899,"1"
"d|MHBUR1-4-20|Q|351","d","MHBUR1","4-20","Q","351",2,5,7,1,4,-1.09381845054329,-0.536789830901542,-0.419098684706999,-1.0434087335702,-0.38795615300896,-0.404665414946592,-0.587943477274489,0.02167015628081,0.473354367843455,1.87582643398385,0.711459984594986,0.66232355194157,-1.32097872276098,-0.77894705028828,-1.72163147331206,-1.20153351259992,"1"
"d|JARI1-1-80|Q|179","d","JARI1","1-80","Q","179",1,2,11,8,2,-0.202050903737115,-0.280594184717627,0.287422320767324,-0.467656864269193,0.17905183933629,-1.58617489403863,-0.539141487778367,1.06010349202749,-0.118091734033912,-0.17880058287991,-0.0688409263166121,-0.006381512208297,0.130294479041361,0.127604415830966,-0.923264759819114,-1.20153351259992,"1"
"a|DVGM-20|Q|102","a","DVGM","20","Q","102",4,6,6,5,2,0.00409547042856664,0.0329639448091234,0.377372939384031,0.516597457317587,-0.694188317651121,-0.625239424842022,0.243317077142784,0.628254437804297,-0.262502431824019,-0.178029054741971,0.747806396139949,2.29545636393927,-0.130088204327034,-0.413018064793644,-0.668898182581013,-0.0495477737154604,"1"
"d|JARI1-1-80|Q|183","d","JARI1","1-80","Q","183",4,6,6,5,2,-0.901457513133585,-0.168119315726097,-0.389131015775592,-0.248766162480647,-0.392741030581494,-0.774462537623452,-0.455093616979491,0.265852458844351,-1.06351753796949,-0.743931342794637,-0.961841352922394,-0.710894223663926,-0.844622515387399,-0.77894705028828,-1.26427148126932,-1.20153351259992,"1"
"e|JBBLB2-1-20|Q|216","e","JBBLB2","1-20","Q","216",4,1,3,3,3,-3.89703268376769,-3.77234949903081,-1.39383217739106,-3.01191737674376,-1.53154189284453,0.216777882497924,0.266091338907641,0.38000109979429,-0.618101066099477,-0.808875126292344,-0.86619290148828,-1.51735282269197,-1.55915682644776,-0.632575456090426,-1.4447717817112,-0.0495477737154604,"1"
"b|MAVBEL2-1-20|N|313","b","MAVBEL2","1-20","N","313",4,1,3,3,3,-1.09381845054329,-1.03798436514559,-2.29517230238577,-0.467656864269193,-1.38799556566852,-0.795560921178667,0.0337938689061017,0.561202089274263,2.01346368998274,0.936629191037884,1.48020025283545,0.660879579517168,-1.16219332030312,-0.77894705028828,-1.53974270902063,-0.0495477737154604,"1"
"e|JBBLB2-1-20|Q|217","e","JBBLB2","1-20","Q","217",4,4,14,5,5,0.488806320638856,-0.168119315726097,-1.18729252409285,-0.0591544119834215,-0.244409825832948,-0.649790271160817,0.112636194158725,-1.0552384556462,-0.152367128078325,0.327279747852421,-0.0688409263166121,-0.006381512208297,-0.368266308013822,-0.852132847387208,-0.622801182775855,-1.20153351259992,"1"
"e|JBBLB2-1-20|Q|217","e","JBBLB2","1-20","Q","217",4,4,14,5,5,0.488806320638856,-0.168119315726097,-1.18729252409285,-0.0591544119834215,-0.244409825832948,-0.649790271160817,0.112636194158725,-1.0552384556462,-0.0755809517793712,-0.0709194670610265,-0.542901135640973,0.647883827697558,0.74323150919119,1.0506978771849,-0.622801182775855,-1.20153351259992,"1"
"b|CWRIC2-X2|Q|85","b","CWRIC2","X2","Q","85",3,2,5,1,4,-0.580004243875543,-0.684840921874468,-0.359984483046056,-0.467656864269193,-1.33775435115691,0.274318928557602,0.973720186601405,-0.0578347712619447,-1.20275779634191,-0.73949026507461,-0.830119771233128,-0.212723737245529,-1.08280061907419,-1.14487603578292,0.633203215529746,1.10243796516899,"1"
"b|CWRIC2-X2|Q|85","b","CWRIC2","X2","Q","85",3,2,5,1,4,-0.580004243875543,-0.684840921874468,-0.359984483046056,-0.467656864269193,-1.33775435115691,0.274318928557602,0.973720186601405,-0.0578347712619447,0.450539394377296,0.770483286363751,0.134289900512558,0.0211997955074579,0.425660704275472,0.099282514898847,0.633203215529746,1.10243796516899,"1"
"e|VSGARO1-1-0|Q|544","e","VSGAR01","1-0","Q","544",3,3,22,8,3,-0.901457513133585,-0.850347960428293,-0.128374182444871,-0.726549614937116,0.657539596589666,-0.677409973269463,0.546431656346473,-0.309680199371775,0.415236884336053,0.143917688855493,2.88404623859844,1.06266490660679,-0.288873606784893,-0.77894705028828,-1.31481156539305,-1.20153351259992,"1"
"e|VSGARO1-1-0|Q|544","e","VSGAR01","1-0","Q","544",3,3,22,8,3,-0.901457513133585,-0.850347960428293,-0.128374182444871,-0.726549614937116,0.657539596589666,-0.677409973269463,0.546431656346473,-0.309680199371775,-0.801219139499874,-0.576891640050346,-0.995181670279428,-1.4307144772279,-0.76522981415847,-1.29124762998077,-1.31481156539305,-1.20153351259992,"1"
"a|DVGM-20|Q|107","a","DVGM","20","Q","107",4,5,22,8,6,0.266741915474635,0.437210681965965,0.287422320767324,0.108095005031815,0.226900615061628,0.232122161447172,-2.88163698359221,0.720850538155297,0.271219261221802,0.412344550611143,0.205343035863614,0.403852487973763,-1.24158602153205,-0.852132847387208,-1.54474117887902,-0.0495477737154604,"1"
"d|JBCHY1-1-50|Q|273","d","JBCHY1","1-50","Q","273dd",4,5,22,8,6,0.488806320638856,0.289159590993038,1.04030968173522,-0.0591544119834215,-0.170244223458674,-0.435353972845086,-0.0104532682370487,-0.274557540617948,1.86728050078513,2.33873900471978,-0.0688409263166121,-0.006381512208297,-1.16219332030312,-1.43761922417863,-0.680838971687169,-0.0495477737154604,"1"
"d|JBCHY1-1-50|Q|273","d","JBCHY1","1-50","Q","273dd",4,5,22,8,6,0.488806320638856,0.289159590993038,1.04030968173522,-0.0591544119834215,-0.170244223458674,-0.435353972845086,-0.0104532682370487,-0.274557540617948,-1.25391594982608,-1.0814218584122,-0.0688409263166121,-0.006381512208297,0.108089899359754,0.0260967177999197,-0.680838971687169,-0.0495477737154604,"1"
"c|CWRIC2-X2|Q|90","c","CWRIC2","X2","Q","90",4,3,3,3,2,0.418520813002491,0.289159590993038,0.080882667469114,-0.467656864269193,-1.47412336197412,-0.660914873399022,-0.0435301722288645,2.24150201374714,-0.0050902230403367,0.216759050042501,0.298258674399611,-1.08704904022043,-0.527051710471681,-0.705761253189353,-0.677506658448241,-0.0495477737154604,"1"
"c|CWRIC2-X2|Q|90","c","CWRIC2","X2","Q","90",4,3,3,3,2,0.418520813002491,0.289159590993038,0.080882667469114,-0.467656864269193,-1.47412336197412,-0.660914873399022,-0.0435301722288645,2.24150201374714,2.31888359527095,1.55168010720965,0.185120220417544,0.989744299174531,-0.924015216616328,-0.705761253189353,-0.677506658448241,-0.0495477737154604,"1"
"a|DVGM-20|Q|105","a","DVGM","20","Q","105",2,2,21,8,6,0.681167258048561,0.80588119714141,1.12900952784252,0.393043144133948,0.442220105825647,0.508319182533623,0.496545178194882,-0.669687451598506,0.297837641332212,1.85678077215419,0.692876856887786,-0.60331827804604,0.584446106733331,0.684768891690265,-0.325947611741434,-0.0495477737154604,"1"
"a|DVGM-20|Q|105","a","DVGM","20","Q","105",2,2,21,8,6,0.681167258048561,0.80588119714141,1.12900952784252,0.393043144133948,0.442220105825647,0.508319182533623,0.496545178194882,-0.669687451598506,0.204314289238813,0.391284343439673,1.68680090793314,0.21180415552841,-1.24158602153205,-0.998504441585062,-0.325947611741434,-0.0495477737154604,"1"
"a|DVGM-20|Q|106","a","DVGM","20","Q","106",4,1,21,9,6,-0.317357798829474,-0.402861328248016,-0.656474754960972,-1.0434087335702,-1.15114412582809,-1.00923000554694,0.0230574312169549,0.908437465590511,-0.118091734033912,-0.17880058287991,-0.0688409263166121,-0.006381512208297,-1.55915682644776,-1.29124762998077,-1.00573951248256,-0.0495477737154604,"1"
"a|DVGM-20|Q|106","a","DVGM","20","Q","106",4,1,21,9,6,-0.317357798829474,-0.402861328248016,-0.656474754960972,-1.0434087335702,-1.15114412582809,-1.00923000554694,0.0230574312169549,0.908437465590511,-0.276948817392956,-0.351524380548092,-0.627618335482617,-0.96683833588903,-1.32097872276098,-1.29124762998077,-1.00573951248256,-0.0495477737154604,"1"
"a|SMITH1-20|Q|449","a","SMITH1","20","Q","449",4,1,21,9,6,-0.317357798829474,0.0329639448091234,0.206178128539045,-0.0591544119834215,-0.146319835596005,-0.373976857048097,0.18150122378103,0.419114969770143,-0.118091734033912,-0.17880058287991,-0.0688409263166121,-0.006381512208297,-1.47976412521883,-1.43761922417863,-0.593643441935243,1.10243796516899,"1"
"a|SMITH1-20|Q|449","a","SMITH1","20","Q","449",4,1,21,9,6,-0.317357798829474,0.0329639448091234,0.206178128539045,-0.0591544119834215,-0.146319835596005,-0.373976857048097,0.18150122378103,0.419114969770143,-0.118091734033912,-0.17880058287991,-0.0688409263166121,-0.006381512208297,0.187482600588684,-0.413018064793644,-0.593643441935243,1.10243796516899,"1"
"c|JBBLB2-1-20|Q|207","c","JBBLB2","1-20","Q","207",4,5,18,7,6,-1.09381845054329,-1.25459469758513,-1.39383217739106,-1.45191118585597,0.633615208726997,-0.533940965094,-1.73750145207202,0.471798957900884,-0.726598529284279,0.15859209696245,0.108054896690629,2.68641189784588,-1.00340791784526,-0.852132847387208,-1.1301458734025,-1.20153351259992,"1"
"c|JBBLB2-1-20|Q|207","c","JBBLB2","1-20","Q","207",4,5,18,7,6,-1.09381845054329,-1.25459469758513,-1.39383217739106,-1.45191118585597,0.633615208726997,-0.533940965094,-1.73750145207202,0.471798957900884,-1.66349125333368,-1.13794086334657,-1.8918175821518,-1.31303072463921,-0.130088204327034,-0.120274876397935,-1.1301458734025,-1.20153351259992,"1"
"d|VRPET2-3-20|Q|528","d","VRPET2","3-20","Q","528",4,5,9,4,4,-0.580004243875543,0.437210681965965,0.348226406654494,-0.467656864269193,-0.792278307888063,-0.708098531167957,-1.01631649618489,0.329711838396764,1.67567954814406,0.673421991234804,0.237590228061401,0.0818466373323065,-0.209480905555963,0.0260967177999197,-0.722492887173757,-1.20153351259992,"1"
"d|VRPET2-3-20|Q|528","d","VRPET2","3-20","Q","528",4,5,9,4,4,-0.580004243875543,0.437210681965965,0.348226406654494,-0.467656864269193,-0.792278307888063,-0.708098531167957,-1.01631649618489,0.329711838396764,-1.15029920992786,-0.891925383709263,-0.992722138671123,-1.90072750137047,-0.209480905555963,0.684768891690265,-0.722492887173757,-1.20153351259992,"1"
"b|CRSOSO-3-40|Q|70","b","CRSORO","3-40","Q","70",4,5,9,4,4,-1.09381845054329,-0.850347960428293,-0.962505735641049,-1.45191118585597,-1.12243486039289,-0.0747634175377745,-0.62047813693857,-0.624985885911817,1.63527866492803,1.13134532769339,0.236223821612343,-0.780565893141281,-1.24158602153205,-1.14487603578292,-1.88297097263012,-2.35351925148437,"1"
"b|VRPET2-3-20|Q|509","b","VRPET2","3-20","Q","509",2,5,11,4,5,0.850841629778746,0.289159590993038,0.585602476908467,1.24195902823644,-0.593705888627912,-0.950154531592333,1.00625484626549,0.35844855919535,0.602805847645969,-0.460763727408455,0.272570233157306,-0.415962855979991,-1.32097872276098,-1.14487603578292,-1.19068289724301,1.10243796516899,"1"
"a|CWRIC2-X2|Q|82","a","CWRIC2","X2","Q","82",2,5,11,4,5,1.04985646884632,1.05304024813231,0.549538619965751,0.257704706649664,-1.526757015272,-0.509773725748936,-0.324412733995432,1.43527734689792,-0.359491782930663,-0.0154758195580046,-0.824107582857269,-0.493937366897653,-1.63854952767669,-1.14487603578292,-1.23372527657915,-0.0495477737154604,"1"
"a|CWRIC2-X2|Q|82","a","CWRIC2","X2","Q","82",2,5,11,4,5,1.04985646884632,1.05304024813231,0.549538619965751,0.257704706649664,-1.526757015272,-0.509773725748936,-0.324412733995432,1.43527734689792,-0.971414376548775,-0.678736175938423,-0.837225084768234,-1.04625681923109,-0.606444411700611,-0.559389658991499,-1.23372527657915,-0.0495477737154604,"1"
"d|VRPET2-3-20|Q|530","d","VRPET2","3-20","Q","530",2,3,7,1,3,0.850841629778746,0.858913366703704,0.136396926957754,0.630256407607975,0.513993269413653,-0.101615905698957,-1.63447502980243,0.964314422698873,-0.333428460339466,-0.610657099827268,-0.722720224337108,-0.134388233221766,-0.368266308013822,-0.120274876397935,-0.872169290155565,-1.20153351259992,"1"
"d|VRPET2-3-20|Q|530","d","VRPET2","3-20","Q","530",2,3,7,1,3,0.850841629778746,0.858913366703704,0.136396926957754,0.630256407607975,0.513993269413653,-0.101615905698957,-1.63447502980243,0.964314422698873,-1.16995826001503,-0.94638445346153,-0.0688409263166121,-0.006381512208297,-0.209480905555963,0.172468311997774,-0.872169290155565,-1.20153351259992,"1"
"d|JBCHY1-1-50|Q|237","d","JBCHY1","1-50","Q","237",3,1,16,7,6,-0.202050903737115,0.0329639448091234,0.749585179473096,-0.726549614937116,-1.78274796540255,0.0978597206412576,-0.101550315296476,0.719254053666487,-0.519044041054879,-0.282918103562902,-1.50047877514136,-0.862872321332147,-1.24158602153205,-1.21806183288184,-1.52474729944545,-0.0495477737154604,"1"
"a|MSMID1-1-20|Q|371","a","MSMID1","1-20","Q","371",3,1,16,7,6,0.344629378207336,0.289159590993038,0.18915725507364,-0.248766162480647,-1.70379748545574,-0.205189788606377,0.401110176513577,0.281019061488049,-0.118091734033912,-0.17880058287991,-0.0688409263166121,-0.006381512208297,0.130294479041361,0.127604415830966,-0.95880943436767,-0.0495477737154604,"1"
"d|JBBLB2-1-20|Q|212","d","JBBLB2","1-20","Q","212",3,3,16,7,6,-1.31588285570751,-0.536789830901542,0.0421954259744169,-0.248766162480647,-0.916685124773941,-0.787159928453954,0.0835176737593723,-0.651327879977187,1.69349404058083,1.0410608629821,-0.400248302359236,-0.837963797011227,-1.32097872276098,-1.14487603578292,-0.72388135102331,-0.0495477737154604,"1"
"b|JBCHY1-1-50|Q|227","b","JBCHY1","1-50","Q","227",3,3,16,7,6,-0.202050903737115,-0.280594184717627,0.65425738733457,-0.248766162480647,-1.29469045300411,-0.668203405899914,1.01167728954283,-1.62997287161792,1.80970714199824,0.788017169568629,0.241142884828954,0.629834172392543,-1.24158602153205,-1.21806183288184,-1.2664930234286,-1.20153351259992,"1"
"b|JBCHY1-1-50|Q|227","b","JBCHY1","1-50","Q","227",3,3,16,7,6,-0.202050903737115,-0.280594184717627,0.65425738733457,-0.248766162480647,-1.29469045300411,-0.668203405899914,1.01167728954283,-1.62997287161792,1.72900873411093,0.810885928563693,-0.048262001081695,1.16626992805757,-0.288873606784893,-0.266646470595789,-1.2664930234286,-1.20153351259992,"1"
"d|JBCHY1-1-50|Q|238","d","JBCHY1","1-50","Q","238",1,3,12,5,3,-1.57852930075358,-1.03798436514559,-1.86384586063576,-3.01191737674376,0.370446942237641,-1.67824056773412,0.442320745421414,-1.34260566363206,-1.25814918984739,-0.63624916439936,-1.22419139114168,-0.91666029414109,-1.08280061907419,-1.14487603578292,-1.76328538879865,-1.20153351259992,"1"
"e|MHNAT1-2-0|Q|365","e","MHNAT1","2-0","Q","365",2,5,2,1,2,0.00409547042856664,0.571139184619491,0.405742137846824,-0.0591544119834215,-0.227662754329079,-0.764488756306441,0.989987516433446,0.637833344737159,0.293158168735788,0.298573346350158,1.15335583022059,1.21861392844211,-0.368266308013822,-0.559389658991499,-0.798025320589438,-0.0495477737154604,"1"
"e|MHNAT1-2-0|Q|365","e","MHNAT1","2-0","Q","365",2,5,2,1,2,0.00409547042856664,0.571139184619491,0.405742137846824,-0.0591544119834215,-0.227662754329079,-0.764488756306441,0.989987516433446,0.637833344737159,0.0854893891629359,-0.225369131037481,0.461407604417229,0.91357475378737,0.187482600588684,0.245654109096702,-0.798025320589438,-0.0495477737154604,"1"
"b|VRCAN-1-40|Q|481","b","VRCAN","1-40","Q","481",2,5,2,1,2,1.13992124117994,1.09765306530672,-0.0611656106463346,-0.0591544119834215,-0.00277350841999277,-0.393157205734656,-0.0755225875652109,0.270641912310782,-0.660243148421154,-0.93074990176084,-0.493437222185045,-0.006381512208297,0.505053405504401,0.318839906195629,-0.44618858111272,-0.0495477737154604,"1"
"b|VRCAN-1-40|Q|481","b","VRCAN","1-40","Q","481",2,5,2,1,2,1.13992124117994,1.09765306530672,-0.0611656106463346,-0.0591544119834215,-0.00277350841999277,-0.393157205734656,-0.0755225875652109,0.270641912310782,-0.389255153621358,-0.652365527133788,-0.0688409263166121,-0.006381512208297,-1.63854952767669,-1.94991980387112,-0.44618858111272,-0.0495477737154604,"1"
"e|CWRIC2-X2|Q|101","e","CWRIC2","X2","Q","101",4,5,12,3,5,-1.09381845054329,-1.51079034376905,-0.656474754960972,-1.45191118585597,-0.895153175697539,-0.0325666504273445,-0.544563931055714,-2.2126897100337,-0.000204033354405891,-0.01098935199768,-0.530330196309632,-1.0502277433982,-1.16219332030312,-0.120274876397935,-1.69886066617939,-1.20153351259992,"1"
"b|MHBUR1-4-20|Q|346","b","MHBUR1","4-20","Q","346",2,3,11,4,5,-0.317357798829474,0.208841404673894,0.827695991242407,0.925099909603358,-0.313790550634687,-1.23709254794326,0.505763331766372,0.700096239800762,0.758560165525283,0.396800778591048,1.33891382600278,1.3265508671661,-1.4003714239899,-0.925318644486135,-1.088214265146,-0.0495477737154604,"1"
"b|MHBUR1-4-20|Q|346","b","MHBUR1","4-20","Q","346",2,3,11,4,5,-0.317357798829474,0.208841404673894,0.827695991242407,0.925099909603358,-0.313790550634687,-1.23709254794326,0.505763331766372,0.700096239800762,1.03736715710244,0.496630769137321,0.115160210225735,0.108560127183728,-1.4003714239899,-1.14487603578292,-1.088214265146,-0.0495477737154604,"1"
"b|CRSOSO-3-40|Q|73","b","CRSORO","3-40","Q","73",2,3,11,4,5,0.18440138227866,0.0329639448091234,0.419647981570393,0.108095005031815,-0.454944439024433,-0.270402974140678,-3.72753813485832,0.655394674114073,-0.118091734033912,-0.17880058287991,-0.0688409263166121,-0.006381512208297,0.130294479041361,0.127604415830966,-1.99377038782444,-1.20153351259992,"1"
"c|JBBLB2-1-20|Q|210","c","JBBLB2","1-20","Q","210",4,5,15,8,5,-0.202050903737115,-0.280594184717627,0.446925935044313,-0.248766162480647,-1.14635924825556,0.113203999590505,-0.0104870683305855,-0.0716748008052507,0.074737585294148,-0.0960087649161035,-0.159214204745268,1.63736593151845,-0.844622515387399,-0.705761253189353,-0.971305609013646,-1.20153351259992,"1"
"c|JBBLB2-1-20|Q|210","c","JBBLB2","1-20","Q","210",4,5,15,8,5,-0.202050903737115,-0.280594184717627,0.446925935044313,-0.248766162480647,-1.14635924825556,0.113203999590505,-0.0104870683305855,-0.0716748008052507,-0.118091734033912,-0.17880058287991,-0.0688409263166121,-0.006381512208297,0.108089899359754,0.245654109096702,-0.971305609013646,-1.20153351259992,"1"
"c|CWRIC2-X2|Q|91","c","CWRIC2","X2","Q","91",4,5,15,8,5,-0.442703530002209,-0.684840921874468,0.333348095638864,-1.0434087335702,-0.466906632955767,0.339532114091903,-0.0104870683305855,-0.0716748008052507,-0.118091734033912,-0.17880058287991,-0.0688409263166121,-0.006381512208297,0.130294479041361,0.127604415830966,-1.79049928024989,-1.20153351259992,"1"
"d|JWBOY-2-80|Q|256","d","JWBOY1","2-80","Q","256",4,1,17,6,6,0.00409547042856664,-0.402861328248016,0.18915725507364,-0.0591544119834215,-0.596098327414179,1.14510675892739,-2.79487789115466,1.66676759777542,0.346052054926253,0.291087755697276,1.30857960283367,0.794808021880375,-0.606444411700611,-0.559389658991499,-0.915211669491707,-0.0495477737154604,"1"
"c|VSGARO1-1-0|Q|535","c","VSGAR01","1-0","Q","535",3,3,20,4,2,0.00409547042856664,0.0329639448091234,-0.777031758767663,-1.45191118585597,-0.627200031635648,-0.879187241452065,-0.506606828114286,0.280220819243644,1.5126503582079,0.175598779293293,-0.382485018521472,-0.0333101635136854,-0.606444411700611,-0.413018064793644,-0.875223910624582,-0.0495477737154604,"1"
"a|CWRIC2-X2|Q|100","a","CWRIC2","X2","Q","100",1,6,1,1,6,-0.317357798829474,-0.0639838522780803,-0.0396743363375772,-0.248766162480647,-0.990850727148214,0.381728881202333,0.0318960137590303,0.290597968420911,-1.02995622703389,-0.69716385721346,-0.795413047427035,-1.29028815895489,1.37837311902263,1.48981265977847,1.15193330972273,-0.0495477737154604,"1"
"a|CWRIC2-X2|Q|100","a","CWRIC2","X2","Q","100",1,6,1,1,6,-0.317357798829474,-0.0639838522780803,-0.0396743363375772,-0.248766162480647,-0.990850727148214,0.381728881202333,0.0318960137590303,0.290597968420911,-0.433350618537537,-0.497297882602703,0.130737243745005,1.26446005291685,-0.527051710471681,-0.266646470595789,1.15193330972273,-0.0495477737154604,"1"
"a|DVGM-20|Q|103","a","DVGM","20","Q","103",2,3,15,4,6,0.418520813002491,0.365134077687232,1.15007520426734,0.735488159106133,-0.452552000238166,-0.701960819588258,0.255788696680682,-0.351987038325249,-0.696084316783563,-0.809287113328764,0.169543186898274,-0.512709008414868,0.108089899359754,0.0260967177999197,0.547951535167195,1.10243796516899,"1"
"a|DVGM-20|Q|103","a","DVGM","20","Q","103",2,3,15,4,6,0.418520813002491,0.365134077687232,1.15007520426734,0.735488159106133,-0.452552000238166,-0.701960819588258,0.255788696680682,-0.351987038325249,-0.985534287285402,-0.743519355758217,-0.253496249730324,0.0681288993004954,0.822624210420119,1.27025526848168,0.547951535167195,1.10243796516899,"1"
"a|DVGM-20|Q|108","a","DVGM","20","Q","108",2,2,15,4,6,0.18440138227866,-0.280594184717627,0.697683086092509,0.108095005031815,-0.34249981606989,-0.320271880725732,0.159269206343908,-0.0654978968082343,-1.36252770435433,-1.07940731307039,0.364666027823868,-0.611621119486347,-0.924015216616328,-1.07169023868399,0.088647693735078,-0.0495477737154604,"1"
"a|DVGM-20|Q|108","a","DVGM","20","Q","108",2,2,15,4,6,0.18440138227866,-0.280594184717627,0.697683086092509,0.108095005031815,-0.34249981606989,-0.320271880725732,0.159269206343908,-0.0654978968082343,-1.47928493049225,-1.00755052963414,-0.988896200613758,-2.37074052551305,1.06080231410691,1.0506978771849,0.088647693735078,-0.0495477737154604,"1"
"b|DVGM-20|Q|113","b","DVGM","20","Q","113",1,4,10,3,1,-0.317357798829474,-0.0639838522780803,0.855569600645828,0.108095005031815,2.42794429842716,2.80996102492072,-0.549986374333061,-1.22286932697129,-0.0964316098523293,0.405225557154384,-0.544814104669655,-0.811250307159806,1.69594392393834,2.6607854133613,0.963657611723349,-0.0495477737154604,"1"
"b|DVGM-20|Q|113","b","DVGM","20","Q","113",1,4,10,3,1,-0.317357798829474,-0.0639838522780803,0.855569600645828,0.108095005031815,2.42794429842716,2.80996102492072,-0.549986374333061,-1.22286932697129,-0.430085870214451,0.589823577260573,1.18669614757763,-0.424265697420297,1.77533662516727,1.12388367428383,0.963657611723349,-0.0495477737154604,"1"
"b|DVGM-20|Q|114","b","DVGM","20","Q","114",1,1,12,5,3,-0.580004243875543,-1.03798436514559,-0.105496270664041,0.393043144133948,0.466144493688316,2.57212470120739,-0.783151435258975,-0.268171602662707,-0.0890424464520319,1.01093694100938,0.977362679581824,0.881085374238344,-0.288873606784893,-0.77894705028828,1.5942978921903,-0.0495477737154604,"1"
"b|DVGM-20|Q|114","b","DVGM","20","Q","114",1,1,12,5,3,-0.580004243875543,-1.03798436514559,-0.105496270664041,0.393043144133948,0.466144493688316,2.57212470120739,-0.783151435258975,-0.268171602662707,-0.728666203222234,-0.529918160950959,-1.51004362028478,-1.41049886328628,2.80744174114335,2.44122802206452,1.5942978921903,-0.0495477737154604,"1"
"c|DVGM-20|Q|119","c","DVGM","20","Q","119",1,2,2,1,1,0.18440138227866,0.289159590993038,0.882731465081962,-0.0591544119834215,1.85375898972311,0.209105743023301,-0.48166358903849,-1.19892205963913,-1.03060917669851,-0.914588149186115,0.297165549240364,-1.58594151285102,0.0286971981308248,1.0506978771849,-1.16041438532276,-0.0495477737154604,"1"
"d|DVGM-20|Q|125","d","DVGM","20","Q","125",3,4,19,8,3,-0.095293393665254,-0.168119315726097,0.460307015838535,-0.0591544119834215,-0.969318778071812,-0.0057141622661617,-0.343391285466146,0.218756166424446,-0.854221850634441,-0.605643431392908,1.84475749344434,1.11861883805233,0.584446106733331,-0.0470890792990076,1.06390470166107,1.10243796516899,"1"
"d|DVGM-20|Q|125","d","DVGM","20","Q","125",3,4,19,8,3,-0.095293393665254,-0.168119315726097,0.460307015838535,-0.0591544119834215,-0.969318778071812,-0.0057141622661617,-0.343391285466146,0.218756166424446,-0.369922578366491,-0.706618603367847,-0.583346766533112,-0.006381512208297,1.61655122270941,1.78255584817417,1.06390470166107,1.10243796516899,"1"
"e|DVGM-20|Q|130","e","DVGM","20","Q","130",2,4,14,9,2,-0.901457513133585,-0.850347960428293,-1.12648843820568,-0.0591544119834215,0.346522554374972,-0.458370391268957,0.713442909288756,0.179642296448593,0.31303486871117,0.425507180093312,-0.510653943443185,0.243571548865235,-0.76522981415847,-0.0470890792990076,0.961436069564064,2.25442370405345,"1"
"e|DVGM-20|Q|130","e","DVGM","20","Q","130",2,4,14,9,2,-0.901457513133585,-0.850347960428293,-1.12648843820568,-0.0591544119834215,0.346522554374972,-0.458370391268957,0.713442909288756,0.179642296448593,0.619972856817477,0.61866614828373,-0.0753168487730589,-0.637612623125567,0.108089899359754,0.245654109096702,0.961436069564064,2.25442370405345,"1"
"e|DVGM-20|Q|132","e","DVGM","20","Q","132",3,5,8,4,4,1.04985646884632,1.22357479011618,0.499469053992175,1.90935423119014,0.681463984452335,-0.964347989620387,0.474855405085495,-1.08716814542241,-0.498084558037818,-0.722825745782869,-0.179983582770961,0.0757097545286017,1.8547293263962,1.63618425397632,0.609599330087346,-1.20153351259992,"1"
"e|DVGM-20|Q|132","e","DVGM","20","Q","132",3,5,8,4,4,1.04985646884632,1.22357479011618,0.499469053992175,1.90935423119014,0.681463984452335,-0.964347989620387,0.474855405085495,-1.08716814542241,-1.22317862103781,-1.04761100879498,-0.624612241294688,-1.11773345423895,1.37837311902263,1.34344106558061,0.609599330087346,-1.20153351259992,"1"
"b|JARI1-1-80|Q|166","b","JARI1","1-80","Q","166",3,4,21,4,2,-0.442703530002209,-0.168119315726097,0.271662300710995,-0.248766162480647,0.418295717962978,-2.31886421386519,0.0146526441370673,1.34747070001335,0.00370273183459903,-0.564874191996843,0.976816117002201,0.116501975517934,-1.08280061907419,-1.87673400677219,1.43906763381028,1.10243796516899,"1"
"b|JARI1-1-80|Q|166","b","JARI1","1-80","Q","166",3,4,21,4,2,-0.442703530002209,-0.168119315726097,0.271662300710995,-0.248766162480647,0.418295717962978,-2.31886421386519,0.0146526441370673,1.34747070001335,0.830024852361894,0.0814004377360099,0.748079677429761,-0.0271732807099806,0.66383880796226,-0.120274876397935,1.43906763381028,1.10243796516899,"1"
"c|JARI1-1-80|Q|173","c","JARI1","1-80","Q","173",1,3,8,2,1,0.79647415314092,0.750768811492715,0.846359310239188,0.630256407607975,0.58576643300166,0.0173022561577093,0.392976511597557,0.0373157042711513,1.45314001602455,1.68946525189437,2.09535643620172,0.619365372315635,0.74323150919119,-0.120274876397935,1.22274496604993,1.10243796516899,"1"
"c|JARI1-1-80|Q|173","c","JARI1","1-80","Q","173",1,3,8,2,1,0.79647415314092,0.750768811492715,0.846359310239188,0.630256407607975,0.58576643300166,0.0173022561577093,0.392976511597557,0.0373157042711513,-0.676316441752284,-0.718590661581052,-0.600290206501441,-1.51338189852487,2.25169283254085,0.611583094591338,1.22274496604993,1.10243796516899,"1"
"d|JARI1-1-80|Q|180","d","JARI1","1-80","Q","180",5,6,13,8,5,0.0970675437444505,0.365134077687232,0.333348095638864,-0.248766162480647,0.0501229251813218,-0.0696758626034187,-6.84002057605541,6.70367615997203,1.00750042786699,0.752718975483642,1.43975462194331,0.0724608165736991,-1.55915682644776,-1.87673400677219,-0.651125845306735,-0.0495477737154604,"1"
"d|JARI1-1-80|Q|180","d","JARI1","1-80","Q","180",5,6,13,8,5,0.0970675437444505,0.365134077687232,0.333348095638864,-0.248766162480647,0.0501229251813218,-0.0696758626034187,-6.84002057605541,6.70367615997203,0.671996143455118,0.321281501667309,-0.0621993468620946,-1.03253908119928,0.187482600588684,0.0260967177999197,-0.651125845306735,-0.0495477737154604,"1"
"e|JARI1-1-80|Q|190","e","JARI1","1-80","Q","190",1,6,19,6,6,1.1829264391567,1.14089296033016,0.608983239985215,1.4404180274709,0.442220105825647,1.79340254453309,0.240605855504111,-0.00665946097312941,1.36886131778055,2.37493099687492,-0.224255151720466,-0.0278952669221812,-0.130088204327034,-0.266646470595789,1.27994967665151,-0.0495477737154604,"1"
"e|JARI1-1-80|Q|190","e","JARI1","1-80","Q","190",1,6,19,6,6,1.1829264391567,1.14089296033016,0.608983239985215,1.4404180274709,0.442220105825647,1.79340254453309,0.240605855504111,-0.00665946097312941,0.735973774746028,1.22236298679692,-0.342585950208956,0.588319965191011,2.48987093622764,1.70937005107525,1.27994967665151,-0.0495477737154604,"1"
"a|JBBLB2-1-20|Q|194","a","JBBLB2","1-20","Q","194",1,4,1,1,5,-2.89850762688965,-2.79834898616331,-2.48912267388181,-3.01191737674376,-0.00995082477879344,-0.147648742546699,0.140832899200929,-1.74172678583465,-1.99606273065412,-1.5201843192035,-1.46139955069828,-1.8075912799966,1.37837311902263,1.56299845687739,0.213887132964754,-1.20153351259992,"1"
"a|JBBLB2-1-20|Q|194","a","JBBLB2","1-20","Q","194",1,4,1,1,5,-2.89850762688965,-2.79834898616331,-2.48912267388181,-3.01191737674376,-0.00995082477879344,-0.147648742546699,0.140832899200929,-1.74172678583465,-0.929587836260708,1.19285704537884,-0.404894084286036,0.697700876339397,0.902016911649049,0.757954688789192,0.213887132964754,-1.20153351259992,"1"
"a|JBBLB2-1-20|Q|195","a","JBBLB2","1-20","Q","195",2,4,10,4,5,0.681167258048561,0.69340632814988,0.882731465081962,-0.248766162480647,-0.904722930842606,0.335696044354591,-0.200781027271923,-0.0890460430181868,-0.746045395882598,-0.752607504716482,-0.0688409263166121,-0.006381512208297,-0.447659009242752,0.0260967177999197,-0.876612374474135,-1.20153351259992,"1"
"a|JBBLB2-1-20|Q|195","a","JBBLB2","1-20","Q","195",2,4,10,4,5,0.681167258048561,0.69340632814988,0.882731465081962,-0.248766162480647,-0.904722930842606,0.335696044354591,-0.200781027271923,-0.0890460430181868,-0.541962373065792,-0.495283337260899,-0.820281644799905,-1.31375271085141,0.187482600588684,-0.266646470595789,-0.876612374474135,-1.20153351259992,"1"
"a|JBBLB2-1-20|Q|199","a","JBBLB2","1-20","Q","199",2,6,13,2,3,0.903231663212781,0.959326481724044,0.377372939384031,1.01118558908226,0.513993269413653,-0.556957383517871,0.713442909288756,-0.421434113588499,0.174442093604014,-0.281842746131553,-0.726272881104661,0.0782367062713034,-0.288873606784893,-0.193460673496862,-0.274019063768153,-0.0495477737154604,"1"
"a|JBBLB2-1-20|Q|199","a","JBBLB2","1-20","Q","199",2,6,13,2,3,0.903231663212781,0.959326481724044,0.377372939384031,1.01118558908226,0.513993269413653,-0.556957383517871,0.713442909288756,-0.421434113588499,-0.405001972120179,-0.331494140967673,-1.57481128597016,-1.13253417158906,-0.209480905555963,-0.0470890792990076,-0.274019063768153,-0.0495477737154604,"1"
"b|JBBLB2-1-20|Q|200","b","JBBLB2","1-20","Q","200",4,4,3,3,2,-1.57852930075358,-2.79834898616331,-2.48912267388181,-2.02766305515698,1.63843949895909,0.738483366772333,-0.495761941559592,-1.7656740531668,0.036398909616723,0.121209533538341,0.09411755091023,2.13337045930024,-1.08280061907419,-1.73036241257433,-0.810799188005325,-1.20153351259992,"1"
"b|JBBLB2-1-20|Q|200","b","JBBLB2","1-20","Q","200",4,4,3,3,2,-1.57852930075358,-2.79834898616331,-2.48912267388181,-2.02766305515698,1.63843949895909,0.738483366772333,-0.495761941559592,-1.7656740531668,-0.921562122393841,-0.771653166546148,-0.94708416327256,-0.449896207953418,1.06080231410691,0.904326282987047,-0.810799188005325,-1.20153351259992,"1"
"c|JBBLB2-1-20|Q|208","c","JBBLB2","1-20","Q","208",2,2,16,4,6,0.739974082260532,0.80588119714141,1.14309956027691,0.630256407607975,-0.423842734802964,-0.143812672809387,0.182043468108765,-0.541170450249274,0.0790796502595647,-0.504944076933496,0.444737445738712,1.58754888287661,-0.68583711292954,-1.21806183288184,-0.707775170368496,-1.20153351259992,"1"
"c|JBBLB2-1-20|Q|208","c","JBBLB2","1-20","Q","208",2,2,16,4,6,0.739974082260532,0.80588119714141,1.14309956027691,0.630256407607975,-0.423842734802964,-0.143812672809387,0.182043468108765,-0.541170450249274,-0.449641561756873,-0.3576134064138,-1.17008169575895,-1.38811729070807,0.822624210420119,1.0506978771849,-0.707775170368496,-1.20153351259992,"1"
"d|BWPEM1-9-0|Q|20","d","BWPEM1","9-0","Q","20",2,4,11,4,5,0.79647415314092,1.05304024813231,0.080882667469114,0.833456575950672,-0.261156897336816,-1.26778110584175,-0.864488084419178,-1.37453535340827,-1.40661770287116,0.00487562737824013,-1.37941516375476,-0.854930472997941,1.8547293263962,1.70937005107525,-0.512834845891261,-1.20153351259992,"1"
"e|JBBLB2-1-20|Q|222","e","JBBLB2","1-20","Q","222",3,1,12,2,5,1.04985646884632,1.05304024813231,0.362899493034259,0.735488159106133,-0.596098327414179,-0.232042276767559,0.541009213069126,0.114984674651774,2.23687928805441,1.13970028225941,1.22276927783278,-0.006381512208297,-0.527051710471681,-0.559389658991499,-0.269575979449584,1.10243796516899,"1"
"e|JBBLB2-1-20|Q|222","e","JBBLB2","1-20","Q","222",3,1,12,2,5,1.04985646884632,1.05304024813231,0.362899493034259,0.735488159106133,-0.596098327414179,-0.232042276767559,0.541009213069126,0.114984674651774,-0.600836164782565,-1.55163846043981,-0.0688409263166121,-0.006381512208297,-0.288873606784893,0.0260967177999197,-0.269575979449584,1.10243796516899,"1"
"c|JBCHY1-1-50|Q|225","c","JBCHY1","1-50","Q","225",2,5,14,9,2,-0.442703530002209,-0.536789830901542,-0.0831000350955151,-0.248766162480647,0.131203063610952,1.22182815367362,0.832736661390387,-0.542766934738084,0.42262604773635,0.749629072710491,0.43353291285643,3.04018514182417,-1.63854952767669,-1.73036241257433,-0.287626009493772,1.10243796516899,"1"
"c|JBCHY1-1-50|Q|225","c","JBCHY1","1-50","Q","225",2,5,14,9,2,-0.442703530002209,-0.536789830901542,-0.0831000350955151,-0.248766162480647,0.131203063610952,1.22182815367362,0.832736661390387,-0.542766934738084,-0.55607681740307,0.369148778836854,-0.658499121231345,0.0074820574756473,-0.844622515387399,-0.486203861892571,-0.287626009493772,1.10243796516899,"1"
"b|JBCHY1-1-50|Q|228","b","JBCHY1","1-50","Q","228",3,2,6,1,5,-0.442703530002209,-0.536789830901542,-2.13118959982114,-1.0434087335702,0.0115811242976086,-1.07252515621258,0.789357115171612,-0.11730381847013,-0.118091734033912,-0.17880058287991,-0.0688409263166121,-0.006381512208297,-0.76522981415847,-1.51080502127755,0.79954118470619,-0.0495477737154604,"1"
"b|JBCHY1-1-50|Q|228","b","JBCHY1","1-50","Q","228",3,2,6,1,5,-0.442703530002209,-0.536789830901542,-2.13118959982114,-1.0434087335702,0.0115811242976086,-1.07252515621258,0.789357115171612,-0.11730381847013,3.1659366161284,-0.172858261103441,0.267651169940695,0.546444764883377,1.45776582025155,1.12388367428383,0.79954118470619,-0.0495477737154604,"1"
"c|JBCHY1-1-50|Q|231","c","JBCHY1","1-50","Q","231",2,5,18,2,5,-0.731783141403399,-1.03798436514559,-0.449935101662762,-2.02766305515698,1.18387612956838,0.0173022561577093,-1.10849803189979,0.868525353370253,-1.09121323472223,-0.692310792457012,-1.52808018541235,-1.84585654924323,-0.924015216616328,-0.77894705028828,-0.918821675500545,-1.20153351259992,"1"
"c|JBCHY1-1-50|Q|231","c","JBCHY1","1-50","Q","231",2,5,18,2,5,-0.731783141403399,-1.03798436514559,-0.449935101662762,-2.02766305515698,1.18387612956838,0.0173022561577093,-1.10849803189979,0.868525353370253,-1.08382407132193,-0.086599408602014,-1.5802769117664,-1.90469842553758,0.187482600588684,0.538397297492411,-0.918821675500545,-1.20153351259992,"1"
"c|JBCHY1-1-50|Q|232","c","JBCHY1","1-50","Q","232",3,5,11,2,5,1.04985646884632,0.910016660589427,0.377372939384031,1.6681011959196,1.0164054145297,0.473794554897817,-0.750616775594894,0.159686240338464,0.00120522451958244,-0.469118681974474,-1.48080252227492,1.28611963928287,-0.527051710471681,-0.77894705028828,-1.7330168768784,-2.35351925148437,"1"
"c|JBCHY1-1-50|Q|235","c","JBCHY1","1-50","Q","235",1,2,10,8,2,1.34315443508537,1.41121119483347,1.04799045081912,2.67841090594059,1.37527123246973,1.24100850236018,-0.349898217398962,0.110195221185343,1.57119767509236,1.12324175648588,-0.31361813348891,0.43778583994719,0.0286971981308248,0.318839906195629,1.47211307342964,1.10243796516899,"1"
"c|JBCHY1-1-50|Q|235","c","JBCHY1","1-50","Q","235",1,2,10,8,2,1.34315443508537,1.41121119483347,1.04799045081912,2.67841090594059,1.37527123246973,1.24100850236018,-0.349898217398962,0.110195221185343,2.28380966791662,2.85601986552738,-1.00228698381453,-0.118504536553354,1.77533662516727,1.70937005107525,1.47211307342964,1.10243796516899,"1"
"b|JBCHY1-1-50|Q|242","b","JBCHY1","1-50","Q","242",4,4,22,8,6,1.09559260062249,1.22357479011618,0.665281132582369,1.4404180274709,0.0498601448778785,-0.186009439919818,-0.934979847024687,0.536456579697703,0.803308580106079,0.459157426032618,0.0523055135690312,1.16410396942097,0.266875301817613,-0.0470890792990076,-0.350106882723655,-1.20153351259992,"1"
"c|JBCHY1-1-50|Q|243","c","JBCHY1","1-50","Q","243",2,2,2,1,2,-0.095293393665254,-0.168119315726097,0.473521867724426,0.257704706649664,0.681463984452335,0.527499531220182,-0.918712517192647,-0.355978249547275,-1.34873426845001,-1.12333627923693,-0.0688409263166121,-0.006381512208297,0.74323150919119,0.684768891690265,0.140853934478269,-0.0495477737154604,"1"
"c|JBCHY1-1-50|Q|243","c","JBCHY1","1-50","Q","243",2,2,2,1,2,-0.095293393665254,-0.168119315726097,0.473521867724426,0.257704706649664,0.681463984452335,0.527499531220182,-0.918712517192647,-0.355978249547275,-1.24034016380997,-1.19782558856961,-1.30699562195464,-0.006381512208297,1.21958771656477,1.19706947138276,0.140853934478269,-0.0495477737154604,"1"
"e|JBCHY1-1-50|Q|244","e","JBCHY1","1-50","Q","244",3,2,12,2,4,0.266741915474635,-0.0639838522780803,1.08558382908458,-0.0591544119834215,-0.983673410789413,-0.212861928081,-0.582521033997142,-0.66569624037648,2.64341842592583,2.04000318315648,1.79146764193104,0.537058944124769,-1.08280061907419,-0.998504441585062,0.280255704973385,-0.0495477737154604,"1"
"e|JBCHY1-1-50|Q|244","e","JBCHY1","1-50","Q","244",3,2,12,2,4,0.266741915474635,-0.0639838522780803,1.08558382908458,-0.0591544119834215,-0.983673410789413,-0.212861928081,-0.582521033997142,-0.66569624037648,1.2807682800936,0.862873076097441,0.633848098288447,-0.0297002324526827,0.425660704275472,0.684768891690265,0.280255704973385,-0.0495477737154604,"1"
"f|JBCHY1-1-50|Q|245","f","JBCHY1","1-50","Q","245",2,5,12,3,3,-0.731783141403399,-0.280594184717627,-1.18729252409285,0.257704706649664,2.71503695277918,1.85861573006739,2.00398440929731,-2.06102368359671,2.72411683381314,2.01713442416142,0.934184235791567,1.37961685376284,-1.4003714239899,-1.73036241257433,-1.97794189993954,-2.35351925148437,"1"
"d|JWBOY-2-80|Q|258","d","JWBOY1","2-80","Q","258",3,3,15,5,6,0.344629378207336,0.123652552439214,0.446925935044313,-0.0591544119834215,-0.923862441132741,-0.652859126950667,-0.367792280214206,-0.895590006765169,0.172706360897718,0.0675744378589133,-0.106197634521787,-1.21195265493113,-0.0506955030981046,0.538397297492411,-1.21706371038452,-1.20153351259992,"1"
"d|JWBOY-2-80|Q|261","d","JWBOY1","2-80","Q","261",1,2,14,6,4,-2.31440791258554,-1.51079034376905,-4.20121358899595,-1.0434087335702,-0.076939110794266,0.22828609170986,0.533417792480841,0.246694644978627,-0.753646742771752,-0.501578356644817,0.00803394461952681,-0.56541400190551,0.187482600588684,-0.0470890792990076,1.7095403917032,1.10243796516899,"1"
"d|JWBOY-2-80|Q|261","d","JWBOY1","2-80","Q","261",1,2,14,6,4,-2.31440791258554,-1.51079034376905,-4.20121358899595,-1.0434087335702,-0.076939110794266,0.22828609170986,0.533417792480841,0.246694644978627,1.74030466270023,0.862712472419528,-0.554378949813066,0.385802832668749,2.09290743008299,2.14848483366881,1.7095403917032,1.10243796516899,"1"
"d|JWBOY-2-80|Q|262","d","JWBOY1","2-80","Q","262",3,3,10,2,2,-1.09381845054329,-1.03798436514559,-0.481692143424321,-1.0434087335702,-0.734859777017658,0.00195797720846202,-0.696392342821426,0.0127298431434721,0.348652920786023,-0.697645668247195,0.503219641758428,-0.006381512208297,-0.76522981415847,-0.632575456090426,0.349678897451033,-0.0495477737154604,"1"
"d|JWBOY-2-80|Q|262","d","JWBOY1","2-80","Q","262",3,3,10,2,2,-1.09381845054329,-1.03798436514559,-0.481692143424321,-1.0434087335702,-0.734859777017658,0.00195797720846202,-0.696392342821426,0.0127298431434721,-0.696193141727665,-0.845524495324206,-0.817822113191599,-0.881643962849362,1.2989804177937,1.56299845687739,0.349678897451033,-0.0495477737154604,"1"
"e|JWBOY-2-80|Q|266","e","JWBOY1","2-80","Q","266",1,3,6,2,4,1.41704586988053,1.26316010386055,0.846359310239188,0.925099909603358,1.25564929315639,-0.539695069699968,-0.718082115930813,-0.304092503660939,-1.29963832250445,-0.540699647895201,-1.57317159823129,-0.253515958234861,0.425660704275472,0.538397297492411,1.24801500811179,1.10243796516899,"1"
"e|JWBOY-2-80|Q|266","e","JWBOY1","2-80","Q","266",1,3,6,2,4,1.41704586988053,1.26316010386055,0.846359310239188,0.925099909603358,1.25564929315639,-0.539695069699968,-0.718082115930813,-0.304092503660939,-0.790032035854675,-0.561302478189954,-1.59038831948943,-1.12531430946706,1.69594392393834,1.63618425397632,1.24801500811179,1.10243796516899,"1"
"a|KVEDG1-1-80|Q|275","a","KVEDG1","1-80","Q","275",4,6,17,7,6,1.34315443508537,1.37563497285208,1.00901972314108,1.4404180274709,-0.742037093376459,0.0940236509039459,0.0120498713639408,-0.240233124108526,0.812003642835611,1.49971739383293,-0.0688409263166121,-0.006381512208297,-0.68583711292954,-0.925318644486135,-0.400646966847383,-1.20153351259992,"1"
"a|KVEDG1-1-80|Q|275","a","KVEDG1","1-80","Q","275",4,6,17,7,6,1.34315443508537,1.37563497285208,1.00901972314108,1.4404180274709,-0.742037093376459,0.0940236509039459,0.0120498713639408,-0.240233124108526,-0.396747675566409,-0.365098997066681,-0.500815817009962,0.213970114165012,1.2989804177937,1.63618425397632,-0.400646966847383,-1.20153351259992,"1"
"d|KVEDG1-1-80|Q|296","d","KVEDG1","1-80","Q","296",4,3,2,6,2,0.79647415314092,0.959326481724044,0.377372939384031,-0.248766162480647,0.801085923765679,0.446942066736634,0.13757943323452,-0.823748204768703,0.084841905897668,0.486421872907411,-0.0928068513210113,0.47460713676942,-1.63854952767669,-1.29124762998077,-1.01018259680113,-1.20153351259992,"1"
"d|KVEDG1-1-80|Q|296","d","KVEDG1","1-80","Q","296",4,3,2,6,2,0.79647415314092,0.959326481724044,0.377372939384031,-0.248766162480647,0.801085923765679,0.446942066736634,0.13757943323452,-0.823748204768703,-0.118091734033912,-0.17880058287991,-0.0688409263166121,-0.006381512208297,0.0286971981308248,1.0506978771849,-1.01018259680113,-1.20153351259992,"1"
"e|KVEDG1-1-80|Q|299","e","KVEDG1","1-80","Q","299",4,5,11,4,6,-0.731783141403399,0.123652552439214,0.118212178215742,0.735488159106133,0.466144493688316,-1.26010896636713,-0.122155599750394,-1.39848262074042,-0.782213039077315,-0.739856862270731,-0.855261649895809,-0.358564952110045,-0.130088204327034,-0.632575456090426,-0.413143141493359,-1.20153351259992,"1"
"e|KVEDG1-1-80|Q|299","e","KVEDG1","1-80","Q","299",4,5,11,4,6,-0.731783141403399,0.123652552439214,0.118212178215742,0.735488159106133,0.466144493688316,-1.26010896636713,-0.122155599750394,-1.39848262074042,-0.989446518873757,-1.1188498116766,-0.309792195431545,0.545722778671176,0.74323150919119,1.63618425397632,-0.413143141493359,-1.20153351259992,"1"
"e|KVEDG1-1-80|Q|300","e","KVEDG1","1-80","Q","300",4,4,11,4,6,0.681167258048561,0.505769923432586,1.00901972314108,0.393043144133948,1.51881755964574,1.5056973142347,-0.994626723075503,-0.363960671991327,0.145766972354348,-0.556358633752911,0.947848300282155,0.828019387641602,-1.32097872276098,-0.998504441585062,-1.87325172568324,-2.35351925148437,"1"
"b|MAVBEL2-1-20|N|315","b","MAVBEL2","1-20","N","315",2,4,8,1,3,-0.580004243875543,-0.536789830901542,-0.277050406591551,-0.467656864269193,1.73413705040976,-0.537777034831312,-0.0489526155062113,0.110993463429748,-1.02916712042842,4.20257429634237,-0.940252131027265,-0.920992211414293,-0.527051710471681,-0.632575456090426,0.0500483987175059,-0.0495477737154604,"1"
"b|MAVBEL2-1-20|N|315","b","MAVBEL2","1-20","N","315",2,4,8,1,3,-0.580004243875543,-0.536789830901542,-0.277050406591551,-0.467656864269193,1.73413705040976,-0.537777034831312,-0.0489526155062113,0.110993463429748,-1.07198948441146,-0.782801250686514,-1.53245268604934,-1.29642504175859,0.346268003046543,0.757954688789192,0.0500483987175059,-0.0495477737154604,"1"
"d|MAVBEL2-1-20|N|322","d","MAVBEL2","1-20","N","322",3,2,22,8,3,0.488806320638856,0.571139184619491,0.0223110732653328,0.108095005031815,2.04515409262446,1.93533712481362,-0.378094922441165,0.145317879939171,-0.118091734033912,-0.17880058287991,-0.0688409263166121,-0.006381512208297,0.505053405504401,0.172468311997774,0.24498872319474,1.10243796516899,"1"
"d|MAVBEL2-1-20|N|322","d","MAVBEL2","1-20","N","322",3,2,22,8,3,0.488806320638856,0.571139184619491,0.0223110732653328,0.108095005031815,2.04515409262446,1.93533712481362,-0.378094922441165,0.145317879939171,0.316615159067866,-0.237089805892179,-0.00890949534880217,0.519731275031956,0.584446106733331,0.904326282987047,0.24498872319474,1.10243796516899,"1"
"c|MHBUR1-4-20|Q|335","c","MHBUR1","4-20","Q","335",1,1,19,6,5,-1.89998257001162,-1.8243484732958,-3.03252972481586,-1.45191118585597,-0.452552000238166,2.38799335381642,0.360441851933476,0.260264763133515,1.60009044623023,1.47023240809812,0.671014353702846,0.619365372315635,0.0286971981308248,0.172468311997774,1.31160665242132,2.25442370405345,"1"
"c|MHBUR1-4-20|Q|335","c","MHBUR1","4-20","Q","335",1,1,19,6,5,-1.89998257001162,-1.8243484732958,-3.03252972481586,-1.45191118585597,-0.452552000238166,2.38799335381642,0.360441851933476,0.260264763133515,1.09233418363021,2.1068707323154,-0.437414557773635,0.0269756852050627,1.21958771656477,1.41662686267954,1.31160665242132,2.25442370405345,"1"
"c|MHBUR1-4-20|Q|340","c","MHBUR1","4-20","Q","340",1,2,7,2,1,0.0970675437444505,-0.0639838522780803,0.362899493034259,0.108095005031815,-0.323360305779755,0.822876900993193,0.342547789118231,-0.220277067998396,-0.415644951044864,-0.165896392850852,-0.729825537872213,-1.45093009116952,0.108089899359754,0.465211500393483,0.686242534582669,-0.0495477737154604,"1"
"c|MHBUR1-4-20|Q|340","c","MHBUR1","4-20","Q","340",1,2,7,2,1,0.0970675437444505,-0.0639838522780803,0.362899493034259,0.108095005031815,-0.323360305779755,0.822876900993193,0.342547789118231,-0.220277067998396,-1.48308833713651,-1.34664360355708,-2.00796213032179,-2.30142984914179,0.74323150919119,1.12388367428383,0.686242534582669,-0.0495477737154604,"1"
"c|MHBUR1-4-20|Q|349","c","MHBUR1","4-20","Q","349",1,6,8,2,1,0.953783065704483,0.858913366703704,0.136396926957754,0.735488159106133,0.609690820864328,0.320351765405344,0.314351084076028,-0.340811646903577,-0.559989048991424,-0.00618167708153027,0.0763542670724657,0.490851826543932,-0.527051710471681,-0.998504441585062,0.88868056384749,-0.0495477737154604,"1"
"c|MHBUR1-4-20|Q|349","c","MHBUR1","4-20","Q","349",1,6,8,2,1,0.953783065704483,0.858913366703704,0.136396926957754,0.735488159106133,0.609690820864328,0.320351765405344,0.314351084076028,-0.340811646903577,-0.63352140976599,-0.379291594139901,-0.124507480939175,0.0966473546824181,1.61655122270941,1.41662686267954,0.88868056384749,-0.0495477737154604,"1"
"c|MHBUR1-4-20|Q|350","c","MHBUR1","4-20","Q","350",3,2,3,7,5,-0.442703530002209,-0.0639838522780803,-1.39383217739106,0.257704706649664,0.609690820864328,1.72818935899878,2.12327816139894,1.15589256135611,0.192691885817202,0.23074565359751,0.975449710553142,-1.0574476055202,-1.00340791784526,-0.486203861892571,-0.219035895325856,2.25442370405345,"1"
"c|MHBUR1-4-20|Q|350","c","MHBUR1","4-20","Q","350",3,2,3,7,5,-0.442703530002209,-0.0639838522780803,-1.39383217739106,0.257704706649664,0.609690820864328,1.72818935899878,2.12327816139894,1.15589256135611,1.02009678938618,0.31017880736724,1.77042498261554,-0.006381512208297,-0.288873606784893,0.318839906195629,-0.219035895325856,2.25442370405345,"1"
"b|MHBUR1-4-20|Q|354","b","MHBUR1","4-20","Q","354",1,2,9,3,1,-0.095293393665254,0.0329639448091234,-0.419098684706999,0.393043144133948,-1.1726760749045,0.197597533811365,4.8507671299044,1.92220511598508,1.6585180053719,0.523207411460166,0.637947317635623,-0.551335270767599,-0.924015216616328,-0.998504441585062,0.740670317485145,2.25442370405345,"1"
"b|MHBUR1-4-20|Q|354","b","MHBUR1","4-20","Q","354",1,2,9,3,1,-0.095293393665254,0.0329639448091234,-0.419098684706999,0.393043144133948,-1.1726760749045,0.197597533811365,4.8507671299044,1.92220511598508,0.46976314468806,0.67999282813425,0.642319818272612,-1.19354200652001,-0.130088204327034,0.538397297492411,0.740670317485145,2.25442370405345,"1"
"d|MHBUR1-4-20|Q|355","d","MHBUR1","4-20","Q","355",3,5,21,4,2,1.6796923149266,1.41121119483347,0.799072329939815,1.50085177890437,-0.744429532162725,0.54284381016943,0.166318382604459,1.54703126111465,-0.0587458838395211,-0.0294170332727164,1.0303792498053,0.762318642331349,-0.76522981415847,-0.925318644486135,1.46405998310223,1.10243796516899,"1"
"d|MHBUR1-4-20|Q|355","d","MHBUR1","4-20","Q","355",3,5,21,4,2,1.6796923149266,1.41121119483347,0.799072329939815,1.50085177890437,-0.744429532162725,0.54284381016943,0.166318382604459,1.54703126111465,0.488763778711269,-0.412187690003684,0.811480936666088,2.15214210081746,0.505053405504401,0.684768891690265,1.46405998310223,1.10243796516899,"1"
"a|CBMCK1-1-0|N|35","a","CBMCK1","1-0","N","35",3,6,1,4,1,-0.580004243875543,-0.684840921874468,-0.583081387271627,-0.726549614937116,-1.40235019838612,-0.354796508361538,-0.19698531697778,0.529272399498056,0.468114371328469,-2.65121378955003,-0.980697761919405,1.0785486032752,-0.447659009242752,-1.73036241257433,0.161403199451653,-0.0495477737154604,"1"
"a|CBMCK1-1-0|N|35","a","CBMCK1","1-0","N","35",3,6,1,4,1,-0.580004243875543,-0.684840921874468,-0.583081387271627,-0.726549614937116,-1.40235019838612,-0.354796508361538,-0.19698531697778,0.529272399498056,-1.25120079262286,-1.10470260444368,-0.0688409263166121,-0.006381512208297,0.981409612877978,0.684768891690265,0.161403199451653,-0.0495477737154604,"1"
"b|CBMCK1-1-0|N|38","b","CBMCK1","1-0","N","38",3,6,5,1,5,0.903231663212781,1.00696445767663,0.171859607339286,1.37729746572073,-0.923862441132741,0.0710072324800749,0.838159104667734,0.615482561893815,-0.155299935169753,0.27808572989302,0.513057768191651,2.78351904338686,-1.4003714239899,-0.852132847387208,-0.672508188589851,-0.0495477737154604,"1"
"b|CBMCK1-1-0|N|38","b","CBMCK1","1-0","N","38",3,6,5,1,5,0.903231663212781,1.00696445767663,0.171859607339286,1.37729746572073,-0.923862441132741,0.0710072324800749,0.838159104667734,0.615482561893815,-0.135646351481927,-0.596670496272258,0.342803524638927,1.54386871703847,-0.68583711292954,-0.486203861892571,-0.672508188589851,-0.0495477737154604,"1"
"d|MSMID1-1-20|Q|390","d","MSMID1","1-20","Q","390",1,4,4,7,4,-3.89703268376769,-3.77234949903081,-1.9891413217057,-3.01191737674376,0.0501229251813218,0.305007486456096,0.0478108847780433,0.163677451560489,-1.48623879411614,-1.46831238550737,-0.346685169556132,-0.406577035221383,0.981409612877978,2.00211323947096,0.627093974591713,-0.0495477737154604,"1"
"d|MSMID1-1-20|Q|390","d","MSMID1","1-20","Q","390",1,4,4,7,4,-3.89703268376769,-3.77234949903081,-1.9891413217057,-3.01191737674376,0.0501229251813218,0.305007486456096,0.0478108847780433,0.163677451560489,-0.234589085183073,-0.157174841088711,-0.703863815340097,-0.470472815001134,-1.4003714239899,-1.65717661547541,0.627093974591713,-0.0495477737154604,"1"
"d|MSMID1-1-20|Q|396","d","MSMID1","1-20","Q","396",2,1,10,4,5,0.619857275695455,0.289159590993038,1.12900952784252,1.01118558908226,-0.404703224512829,-0.531639323251613,-0.560831260887754,-0.168391322112061,1.45736778964652,0.315077261963985,-0.0477154385020716,1.06302589971289,0.981409612877978,0.904326282987047,0.0744853624696379,-0.0495477737154604,"1"
"d|MSMID1-1-20|Q|396","d","MSMID1","1-20","Q","396",2,1,10,4,5,0.619857275695455,0.289159590993038,1.12900952784252,1.01118558908226,-0.404703224512829,-0.531639323251613,-0.560831260887754,-0.168391322112061,0.327372429336003,0.56276512390399,0.501579954019558,2.4586252478966,-1.55915682644776,-1.87673400677219,0.0744853624696379,-0.0495477737154604,"1"
"d|RULEB1-20|N|426","d","RULEB1","20","N","426",3,1,2,4,1,0.18440138227866,0.437210681965965,0.318258737723087,0.735488159106133,-1.00520535986582,-0.470645814428355,-0.173126566557454,-0.0997424890932161,-0.183327573154152,-0.708221161673228,1.31021929057254,-0.006381512208297,0.74323150919119,0.099282514898847,1.23107574914725,1.10243796516899,"1"
"d|RULEB1-20|N|426","d","RULEB1","20","N","426",3,1,2,4,1,0.18440138227866,0.437210681965965,0.318258737723087,0.735488159106133,-1.00520535986582,-0.470645814428355,-0.173126566557454,-0.0997424890932161,-0.821748789139873,-0.921249765766156,0.679759354976822,-0.671545975098994,1.14019501533584,1.19706947138276,1.23107574914725,1.10243796516899,"1"
"c|CBMCK1-1-0|N|42","c","CBMCK1","1-0","N","42",4,3,15,8,5,0.00409547042856664,-0.280594184717627,0.18915725507364,-0.248766162480647,0.466144493688316,-0.520131114039678,-0.0104870683305855,-0.0716748008052507,0.613563117914106,0.339091202387715,-1.7314014650323,1.13666849335735,-0.527051710471681,-0.486203861892571,0.754277263210764,-0.0495477737154604,"1"
"c|CBMCK1-1-0|N|42","c","CBMCK1","1-0","N","42",4,3,15,8,5,0.00409547042856664,-0.280594184717627,0.18915725507364,-0.248766162480647,0.466144493688316,-0.520131114039678,-0.0104870683305855,-0.0716748008052507,-1.13574946581417,-1.61140797182524,-1.33186421932751,-0.153159874738981,0.902016911649049,1.19706947138276,0.754277263210764,-0.0495477737154604,"1"
"b|SMAKC1-B|N|439","b","SMAKC1","B","N","439",4,4,5,5,2,0.0970675437444505,0.123652552439214,0.419647981570393,0.257704706649664,-0.876013665407404,-0.701577212614527,-0.184513697439883,0.0664515461919399,-0.281835007078886,-0.123775978507912,-0.0688409263166121,-0.006381512208297,1.06080231410691,0.318839906195629,0.976709171909147,1.10243796516899,"1"
"b|SMAKC1-B|N|439","b","SMAKC1","B","N","439",4,4,5,5,2,0.0970675437444505,0.123652552439214,0.419647981570393,0.257704706649664,-0.876013665407404,-0.701577212614527,-0.184513697439883,0.0664515461919399,0.334212001616436,0.0580743018642284,2.24429473914912,1.05869398243969,-1.4003714239899,-1.87673400677219,0.976709171909147,1.10243796516899,"1"
"b|SMAKC1-B|N|444","b","SMAKC1","B","N","444",4,3,19,6,5,1.5212286390565,1.47977043630009,0.537240426384493,2.2612763369275,-0.598490766200446,-0.35863257809885,-0.22355528903678,-0.0528058451221922,-0.564439938900943,0.36651625294042,0.808201561188347,0.150435327491361,1.06080231410691,0.684768891690265,0.477695264379815,-0.0495477737154604,"1"
"d|SMAKC1-B|N|445","d","SMAKC1","B","N","445",1,6,11,3,1,-0.901457513133585,-1.51079034376905,-0.151754945521619,-0.726549614937116,-0.108040815015736,-0.347124368886914,0.250366253403335,0.547631971119375,-0.239692924757209,-0.00190120303941567,-0.0479887197918831,0.377499991228442,0.425660704275472,0.318839906195629,0.532956125592023,-0.0495477737154604,"1"
"d|SMAKC1-B|N|445","d","SMAKC1","B","N","445",1,6,11,3,1,-0.901457513133585,-1.51079034376905,-0.151754945521619,-0.726549614937116,-0.108040815015736,-0.347124368886914,0.250366253403335,0.547631971119375,-0.227314213126228,-0.516916135146702,-0.46938846868161,-0.572633864027515,0.74323150919119,1.0506978771849,0.532956125592023,-0.0495477737154604,"1"
"a|SMITH1-20|Q|456","a","SMITH1","20","Q","456",1,4,15,6,4,-2.89850762688965,-2.79834898616331,-3.03252972481586,-2.02766305515698,-1.05066169680489,0.588876647017172,0.228676480293948,0.328115353907954,-1.93371747352476,-1.16266356400552,-1.09629574750978,-1.90469842553758,0.108089899359754,0.099282514898847,-0.5217210145284,-0.0495477737154604,"1"
"a|SMITH1-20|Q|456","a","SMITH1","20","Q","456",1,4,15,6,4,-2.89850762688965,-2.79834898616331,-3.03252972481586,-2.02766305515698,-1.05066169680489,0.588876647017172,0.228676480293948,0.328115353907954,-1.37240344227095,0.269067404932073,-1.32776499998033,-0.808001369204903,0.0286971981308248,0.0260967177999197,-0.5217210145284,-0.0495477737154604,"1"
"c|SMITH1-20|Q|467","c","SMITH1","20","Q","467",3,2,1,4,1,0.266741915474635,0.289159590993038,0.631861151766045,-0.0591544119834215,1.75806143827243,1.41363164053921,-0.399784695550553,-0.654520848954808,-1.55864464065423,5.02545858881152,3.95366920692166,1.89186607131915,0.584446106733331,-0.486203861892571,-0.478956327962169,-1.20153351259992,"1"
"c|SMITH1-20|Q|468","c","SMITH1","20","Q","468",1,1,2,1,1,0.344629378207336,0.289159590993038,0.951944937818982,0.108095005031815,1.20780051743105,4.01065085269932,0.162522672310316,0.828613241149994,-0.429661503236738,-1.12365748659275,0.823505313417806,-0.0242853358611781,-0.924015216616328,-0.559389658991499,2.36072993714353,1.10243796516899,"1"
"c|SMITH1-20|Q|468","c","SMITH1","20","Q","468",1,1,2,1,1,0.344629378207336,0.289159590993038,0.951944937818982,0.108095005031815,1.20780051743105,4.01065085269932,0.162522672310316,0.828613241149994,-0.755698017511659,1.59755727319442,0.323673834352105,-1.03434404672978,2.17230013131192,2.29485642786666,2.36072993714353,1.10243796516899,"1"
"b|VRCAN-1-40|Q|484","b","VRCAN","1-40","Q","484",2,2,11,4,5,0.619857275695455,0.437210681965965,1.10025691546434,0.833456575950672,0.490068881550984,-1.39053533743573,-0.0316007970187014,0.775929253019253,-0.971523201492878,-0.714973557933866,-0.0550940333269886,-0.10225984677884,-0.844622515387399,-0.998504441585062,0.00783909769109612,-0.0495477737154604,"1"
"b|VRCAN-1-40|Q|484","b","VRCAN","1-40","Q","484",2,2,11,4,5,0.619857275695455,0.437210681965965,1.10025691546434,0.833456575950672,0.490068881550984,-1.39053533743573,-0.0316007970187014,0.775929253019253,-0.675445842199461,-0.428691605617512,-1.08891715268486,-1.16249659939539,0.902016911649049,0.83114048588812,0.00783909769109612,-0.0495477737154604,"1"
"b|VRCAN-1-40|Q|487","b","VRCAN","1-40","Q","487",1,1,6,2,1,-0.317357798829474,0.123652552439214,-0.250782852335624,-0.248766162480647,0.250825002924296,0.642581623339537,-0.271272789877432,-0.541968692493679,-0.673057159828547,-0.560684497635323,-0.89106149886115,-0.782009865565682,1.21958771656477,1.56299845687739,-0.25374749156468,-1.20153351259992,"1"
"c|VRCAN-1-40|Q|491","c","VRCAN","1-40","Q","491",2,2,21,8,6,-0.580004243875543,-0.168119315726097,0.348226406654494,-1.45191118585597,0.0881391654581489,0.197597533811365,0.632106260128553,0.391176491215962,1.0959144739869,1.4442737463299,-0.175337800844161,-0.458199049393724,-1.4003714239899,-1.07169023868399,-1.82965396080728,-1.20153351259992,"1"
"c|VRCAN-1-40|Q|497","c","VRCAN","1-40","Q","497",2,4,13,3,3,-0.202050903737115,-0.168119315726097,0.206178128539045,-0.248766162480647,-1.51000994376813,-0.0632552083258391,1.18519547441793,0.559605604785453,-1.34221570460254,-0.807523951345468,-1.44718892362807,-1.70326427233362,-0.68583711292954,-0.632575456090426,-1.22983757780041,-1.20153351259992,"1"
"d|VRCAN-1-40|Q|501","d","VRCAN","1-40","Q","501",4,1,22,8,5,0.488806320638856,0.437210681965965,0.154276035158458,0.108095005031815,0.920707863079023,1.4404841287004,-0.0104870683305855,-0.0716748008052507,1.04670423669789,-0.10381556292481,-0.900079781424937,1.42293602649488,1.45776582025155,1.63618425397632,-0.786362224253193,-1.20153351259992,"1"
"e|VRCAN-1-40|Q|504","e","VRCAN","1-40","Q","504",4,6,22,9,6,1.26526697235267,1.26316010386055,0.348226406654494,-0.0591544119834215,-1.54350408677586,3.24343690523696,-0.432861599542369,0.316939962486282,-0.118091734033912,-0.17880058287991,-0.0688409263166121,-0.006381512208297,-0.447659009242752,-0.632575456090426,-0.281239075785829,-0.0495477737154604,"1"
"e|VRCAN-1-40|Q|504","e","VRCAN","1-40","Q","504",4,6,22,9,6,1.26526697235267,1.26316010386055,0.348226406654494,-0.0591544119834215,-1.54350408677586,3.24343690523696,-0.432861599542369,0.316939962486282,-0.600934056927969,0.270554749399842,-0.331381417326674,0.635249068984048,-0.209480905555963,0.392025703294556,-0.281239075785829,-0.0495477737154604,"1"
"a|VRPET2-3-20|Q|508","a","VRPET2","3-20","Q","508",2,1,1,1,2,0.418520813002491,0.208841404673894,0.512209109219122,-0.0591544119834215,-0.64873198071205,-0.216697997818312,0.390265289958884,-1.5022541125131,-0.709877752687881,-0.76535814716223,-0.0688409263166121,-0.006381512208297,0.0286971981308248,0.099282514898847,0.667359426228749,-0.0495477737154604,"1"
"a|VRPET2-3-20|Q|508","a","VRPET2","3-20","Q","508",2,1,1,1,2,0.418520813002491,0.208841404673894,0.512209109219122,-0.0591544119834215,-0.64873198071205,-0.216697997818312,0.390265289958884,-1.5022541125131,-1.67107620102479,1.90073417247774,-0.0688409263166121,-0.006381512208297,0.66383880796226,1.0506978771849,0.667359426228749,-0.0495477737154604,"1"
"b|VRPET2-3-20|Q|512","b","VRPET2","3-20","Q","512",2,2,19,3,5,0.266741915474635,0.208841404673894,0.318258737723087,0.257704706649664,0.394371330100309,-0.560026239307721,0.38863855697568,-0.185154409244569,-0.818054207439724,-0.618394073838656,0.0842794244770065,-1.10762564726814,0.108089899359754,-0.632575456090426,0.840639714652957,1.10243796516899,"1"
"b|VRPET2-3-20|Q|512","b","VRPET2","3-20","Q","512",2,2,19,3,5,0.266741915474635,0.208841404673894,0.318258737723087,0.257704706649664,0.394371330100309,-0.560026239307721,0.38863855697568,-0.185154409244569,0.443356948066506,-1.62118392533546,-0.556018637551937,-0.774790003443677,0.822624210420119,1.0506978771849,0.840639714652957,1.10243796516899,"1"
"b|VRPET2-3-20|Q|515","b","VRPET2","3-20","Q","515",2,6,11,4,5,0.619857275695455,0.289159590993038,0.118212178215742,0.257704706649664,0.322598166512303,0.546679879906741,0.859848877777121,-0.359969460769301,-0.128692487858042,-0.13590864039903,0.287600704096953,-0.782009865565682,-1.00340791784526,-1.14487603578292,-0.891607784049307,1.10243796516899,"1"
"b|VRPET2-3-20|Q|515","b","VRPET2","3-20","Q","515",2,6,11,4,5,0.619857275695455,0.289159590993038,0.118212178215742,0.257704706649664,0.322598166512303,0.546679879906741,0.859848877777121,-0.359969460769301,0.656140500012194,0.605915505837981,-0.53005691501982,-0.738329699727548,-0.527051710471681,-0.413018064793644,-0.891607784049307,1.10243796516899,"1"
"c|VRPET2-3-20|Q|517","c","VRPET2","3-20","Q","517",4,6,10,3,6,1.09559260062249,0.959326481724044,0.749585179473096,1.81771089753745,-0.0841164271530667,0.090187581166634,-0.0456991495398032,-0.0753162764144179,0.247865629434477,0.0550297889313748,-0.441240495831,1.96695263738801,-0.0506955030981046,-0.339832267694717,-0.297622949210554,-1.20153351259992,"1"
"e|CRSOSO-3-40|Q|51","e","CRSORO","3-40","Q","51",1,6,18,9,3,0.418520813002491,0.505769923432586,0.524798391021297,0.257704706649664,-0.134357641664671,0.79602441283201,0.446116455715556,0.0814585003867571,-0.903856454901169,-0.440251676794298,-0.0952663829293168,1.0763826446386,-0.368266308013822,-0.705761253189353,0.494356830574451,1.10243796516899,"1"
"e|CRSOSO-3-40|Q|51","e","CRSORO","3-40","Q","51",1,6,18,9,3,0.418520813002491,0.505769923432586,0.524798391021297,0.257704706649664,-0.134357641664671,0.79602441283201,0.446116455715556,0.0814585003867571,0.120138949539562,0.183772174498122,-0.53005691501982,-0.554584208722501,1.53715852148048,1.27025526848168,0.494356830574451,1.10243796516899,"1"
"c|VRPET2-3-20|Q|521","c","VRPET2","3-20","Q","521",4,2,9,4,4,-0.901457513133585,-0.280594184717627,-1.86384586063576,-1.45191118585597,-0.806632940605664,0.335696044354591,-1.84595031761896,-0.0849750075717205,-0.0976341506368104,-0.92260094071303,-0.630897710960358,-1.0502277433982,-0.447659009242752,-0.266646470595789,-0.407866978865058,-1.20153351259992,"1"
"d|VSGARO1-1-0|Q|543","d","VSGAR01","1-0","Q","543",4,3,1,6,2,1.41704586988053,1.44590890118154,0.573716522005766,0.833456575950672,1.18387612956838,1.0837296431304,0.503594354455433,-0.943484541429479,0.502236206182629,0.364386493761002,1.12384145092093,0.77495340104486,0.346268003046543,0.099282514898847,0.46575447527366,-1.20153351259992,"1"
"d|VSGARO1-1-0|Q|543","d","VSGAR01","1-0","Q","543",4,3,1,6,2,1.41704586988053,1.44590890118154,0.573716522005766,0.833456575950672,1.18387612956838,1.0837296431304,0.503594354455433,-0.943484541429479,-1.22013698900228,-0.962179608840133,-0.770271168764354,-0.961784432403626,2.48987093622764,2.29485642786666,0.46575447527366,-1.20153351259992,"1"
"e|CRSOSO-3-40|Q|54","e","CRSORO","3-40","Q","54",1,4,12,8,2,-0.901457513133585,-1.25459469758513,-0.481692143424321,-1.0434087335702,0.0426828285190778,0.765335854933516,-0.128120287355475,0.461421808723617,0.182696390157785,-0.315447602230562,0.139755526308793,-0.593932457287432,1.8547293263962,1.41662686267954,2.5540041050013,1.10243796516899,"1"
"e|CRSOSO-3-40|Q|54","e","CRSORO","3-40","Q","54",1,4,12,8,2,-0.901457513133585,-1.25459469758513,-0.481692143424321,-1.0434087335702,0.0426828285190778,0.765335854933516,-0.128120287355475,0.461421808723617,-1.25217475072043,-0.501623746485115,-0.825200708016516,-0.867926224817551,2.33108553376978,2.44122802206452,2.5540041050013,1.10243796516899,"1"
"d|CRSOSO-3-40|Q|62","d","CRSORO","3-40","Q","62",1,2,4,7,4,0.850841629778746,0.750768811492715,1.02477974319741,0.393043144133948,1.54274194750841,-0.592632832074871,-1.68327701929855,0.940367155366718,-0.161171015751959,-0.749517601943328,0.740701082604844,-0.276258523919179,-1.16219332030312,-0.413018064793644,-0.459795526838338,-0.0495477737154604,"1"
"d|CRSOSO-3-40|Q|62","d","CRSORO","3-40","Q","62",1,2,4,7,4,0.850841629778746,0.750768811492715,1.02477974319741,0.393043144133948,1.54274194750841,-0.592632832074871,-1.68327701929855,0.940367155366718,1.74997368352734,1.30019358226127,-0.690746313429133,-0.877673038682259,0.981409612877978,1.0506978771849,-0.459795526838338,-0.0495477737154604,"1"
"d|CRSOSO-3-40|Q|64","d","CRSORO","3-40","Q","64",2,6,5,7,3,0.344629378207336,0.80588119714141,0.433374390040656,-1.0434087335702,-0.562604184406443,-0.297255462301861,0.783934671894265,-0.0730811981300834,-0.816971424398045,-1.18523554980178,-1.15833060029705,-0.006381512208297,-0.527051710471681,-0.705761253189353,-0.0651941007953892,-0.0495477737154604,"1"
"d|CRSOSO-3-40|Q|64","d","CRSORO","3-40","Q","64",2,6,5,7,3,0.344629378207336,0.80588119714141,0.433374390040656,-1.0434087335702,-0.562604184406443,-0.297255462301861,0.783934671894265,-0.0730811981300834,-1.3800157219588,-1.33833403883136,-1.55568159568334,-2.28229721451848,0.584446106733331,0.83114048588812,-0.0651941007953892,-0.0495477737154604,"1"
"d|CRSOSO-3-40|Q|68","d","CRSORO","3-40","Q","68",4,2,11,3,6,-1.09381845054329,-1.51079034376905,-1.9891413217057,-1.0434087335702,0.753237148040341,0.109367929853193,-0.308145404163391,-0.887607584321117,0.00142834080713762,0.532571377933958,0.619364189928424,2.21892582544601,0.74323150919119,1.12388367428383,0.451036758468399,1.10243796516899,"1"
"d|CRSOSO-3-40|Q|68","d","CRSORO","3-40","Q","68",4,2,11,3,6,-1.09381845054329,-1.51079034376905,-1.9891413217057,-1.0434087335702,0.753237148040341,0.109367929853193,-0.308145404163391,-0.887607584321117,-1.69509918167477,-1.46165076892732,-1.79835538103618,-1.14119800613547,1.37837311902263,1.8557416452731,0.451036758468399,1.10243796516899,"1"
"b|CRSOSO-3-40|Q|74","b","CRSORO","3-40","Q","74",3,6,21,4,2,-0.731783141403399,-0.280594184717627,-0.656474754960972,0.108095005031815,-0.684618562506053,-0.224370137292936,-0.386228587357186,-0.0890460430181868,-0.95892683997369,-1.15751372605027,-0.0688409263166121,-0.006381512208297,-1.08280061907419,-1.3644334270797,-0.145169618529639,1.10243796516899,"1"
"b|CRSOSO-3-40|Q|74","b","CRSORO","3-40","Q","74",3,6,21,4,2,-0.731783141403399,-0.280594184717627,-0.656474754960972,0.108095005031815,-0.684618562506053,-0.224370137292936,-0.386228587357186,-0.0890460430181868,-0.921997422170253,-0.916602694527918,-1.25917139623758,-1.57438973345581,0.187482600588684,0.757954688789192,-0.145169618529639,1.10243796516899,"1"
"a|CWRIC2-X2|Q|79","a","CWRIC2","X2","Q","79",2,6,18,2,6,0.953783065704483,0.80588119714141,0.287422320767324,0.257704706649664,0.226900615061628,0.0710072324800749,-0.549986374333061,-2.57189872001602,0.909417360919967,-0.376316905204364,1.56245792106879,1.22258485260922,-0.209480905555963,-0.486203861892571,-0.742209073837409,-0.0495477737154604,"1"
"a|CWRIC2-X2|Q|79","a","CWRIC2","X2","Q","79",2,6,18,2,6,0.953783065704483,0.80588119714141,0.287422320767324,0.257704706649664,0.226900615061628,0.0710072324800749,-0.549986374333061,-2.57189872001602,0.42001971547723,0.809147200737417,-0.607942082616171,-0.978029122178139,-0.130088204327034,0.318839906195629,-0.742209073837409,-0.0495477737154604,"1"
"a|CWRIC2-X2|Q|83","a","CWRIC2","X2","Q","83",2,3,3,7,3,0.418520813002491,0.437210681965965,0.729127204805274,0.257704706649664,0.944632250941692,-1.24860075715519,-0.560831260887754,0.868525353370253,1.07060199320573,0.434686108732171,1.22987459136789,0.655825676031764,-0.447659009242752,-0.925318644486135,0.749278793352373,-0.0495477737154604,"1"
"a|CWRIC2-X2|Q|83","a","CWRIC2","X2","Q","83",2,3,3,7,3,0.418520813002491,0.437210681965965,0.729127204805274,0.257704706649664,0.944632250941692,-1.24860075715519,-0.560831260887754,0.868525353370253,1.8960535141802,0.791061682501483,-0.264700782612605,0.615033455042432,1.61655122270941,1.27025526848168,0.749278793352373,-0.0495477737154604,"1"
"b|CWRIC2-X2|Q|86","b","CWRIC2","X2","Q","86",1,1,16,9,3,0.953783065704483,0.69340632814988,0.118212178215742,0.516597457317587,-0.208523244038944,0.631073414127602,0.0634546336331889,-0.0134924145852376,1.93462077254453,2.50474873987302,0.879254696539404,0.326238970162201,-0.527051710471681,0.172468311997774,0.857578973617503,1.10243796516899,"1"
"b|CWRIC2-X2|Q|86","b","CWRIC2","X2","Q","86",1,1,16,9,3,0.953783065704483,0.69340632814988,0.118212178215742,0.516597457317587,-0.208523244038944,0.631073414127602,0.0634546336331889,-0.0134924145852376,0.183022864990094,-0.206735456244235,-0.316077665097216,-0.534729587886985,1.37837311902263,1.41662686267954,0.857578973617503,1.10243796516899,"1"
"b|CWRIC2-X2|Q|87","b","CWRIC2","X2","Q","87",3,6,17,7,4,1.34315443508537,1.545139697487,0.0421954259744169,0.833456575950672,-0.0697617944354654,-0.427681833370463,-0.488712765299041,0.563596816007479,1.61724652260304,0.69123169195521,1.15745504956777,2.44021459948549,-1.24158602153205,-1.73036241257433,0.0236675855759998,-0.0495477737154604,"1"
"b|CWRIC2-X2|Q|87","b","CWRIC2","X2","Q","87",3,6,17,7,4,1.34315443508537,1.545139697487,0.0421954259744169,0.833456575950672,-0.0697617944354654,-0.427681833370463,-0.488712765299041,0.563596816007479,2.35537771329798,1.64764161075023,2.49434711932688,0.58687599276661,1.45776582025155,1.19706947138276,0.0236675855759998,-0.0495477737154604,"1"
"b|CWRIC2-X2|Q|88","b","CWRIC2","X2","Q","88",1,1,17,8,3,1.34315443508537,1.33913459055474,0.643118208100798,0.630256407607975,0.729312760177673,0.469958485160505,0.446658700043291,-0.0807443236763731,-0.516105767564101,0.695491210314047,-0.197746866608725,-0.059301667152906,0.346268003046543,0.465211500393483,1.38214061597861,1.10243796516899,"1"
"b|CWRIC2-X2|Q|88","b","CWRIC2","X2","Q","88",1,1,17,8,3,1.34315443508537,1.33913459055474,0.643118208100798,0.630256407607975,0.729312760177673,0.469958485160505,0.446658700043291,-0.0807443236763731,0.892484400834713,1.40437387084698,-0.590998642647842,-0.291059241269291,2.33108553376978,1.78255584817417,1.38214061597861,1.10243796516899,"1"
"b|CWRIC2-X2|Q|89","b","CWRIC2","X2","Q","89",3,4,6,1,6,-0.317357798829474,0.208841404673894,-0.0396743363375772,-0.248766162480647,-0.392741030581494,-1.10398092805854,0.18150122378103,-2.2446193998099,-0.118091734033912,-0.17880058287991,-0.0688409263166121,-0.006381512208297,0.425660704275472,0.465211500393483,-1.33064005327795,-2.35351925148437,"1"
"c|CWRIC2-X2|Q|93","c","CWRIC2","X2","Q","93",2,6,16,9,2,0.0970675437444505,0.208841404673894,0.302952259305138,0.108095005031815,-0.753999287307793,1.32156596684373,0.533417792480841,-0.815765782324652,1.282612837744,0.549693274102417,0.512784486901839,0.719360462705415,-0.209480905555963,-0.0470890792990076,-0.48867557490904,2.25442370405345,"1"
"c|CWRIC2-X2|Q|93","c","CWRIC2","X2","Q","93",2,6,16,9,2,0.0970675437444505,0.208841404673894,0.302952259305138,0.108095005031815,-0.753999287307793,1.32156596684373,0.533417792480841,-0.815765782324652,1.28902257664737,0.829268219998432,0.089198487693618,0.804554835745083,-1.71794222890562,-1.14487603578292,-0.48867557490904,2.25442370405345,"1"
"c|CWRIC2-X2|Q|95","c","CWRIC2","X2","Q","95",1,3,10,3,1,0.418520813002491,0.0329639448091234,0.91790101184447,0.516597457317587,0.490068881550984,0.0326465351069566,0.025497530691761,-0.0169009089688477,0.00717966364654189,-0.334493264060229,0.9861076808558,1.39044664694585,-0.68583711292954,-0.266646470595789,2.20105659444494,1.10243796516899,"1"
"c|CWRIC2-X2|Q|95","c","CWRIC2","X2","Q","95",1,3,10,3,1,0.418520813002491,0.0329639448091234,0.91790101184447,0.516597457317587,0.490068881550984,0.0326465351069566,0.025497530691761,-0.0169009089688477,-1.0115976098766,-0.148338075488954,0.557875899720779,0.894081126057954,1.14019501533584,0.83114048588812,2.20105659444494,1.10243796516899,"1"
"a|CWRIC2-X2|Q|99","a","CWRIC2","X2","Q","99",2,4,17,2,6,1.1829264391567,1.1828419175414,-0.151754945521619,1.24195902823644,0.0833542878856148,-1.18760724833194,-0.544563931055714,1.61887306311111,-0.135858534970783,0.260070035654404,0.343076805928739,-0.608011188425344,-0.368266308013822,-0.559389658991499,0.35773198777844,1.10243796516899,"1"
"a|CWRIC2-X2|Q|99","a","CWRIC2","X2","Q","99",2,4,17,2,6,1.1829264391567,1.1828419175414,-0.151754945521619,1.24195902823644,0.0833542878856148,-1.18760724833194,-0.544563931055714,1.61887306311111,0.256016567443495,0.914402846754471,0.0353620736007022,-0.235827296035947,0.346268003046543,0.392025703294556,0.35773198777844,1.10243796516899,"1"
"a|KVEDG1-1-80|Q|273","a","KVEDG1","1-80","Q","273da",4,4,9,4,4,-0.095293393665254,-0.280594184717627,-0.0396743363375772,-0.0591544119834215,-1.02195243136968,-0.427681833370463,0.567579185128126,-0.158812415179198,-0.475819175691523,-0.727884804057525,-0.0688409263166121,-0.006381512208297,-0.368266308013822,-0.705761253189353,0.689297155051685,-0.0495477737154604,"1"
"a|KVEDG1-1-80|Q|273","a","KVEDG1","1-80","Q","273da",4,4,9,4,4,-0.095293393665254,-0.280594184717627,-0.0396743363375772,-0.0591544119834215,-1.02195243136968,-0.427681833370463,0.567579185128126,-0.158812415179198,-0.118091734033912,-0.17880058287991,-0.0688409263166121,-0.006381512208297,1.37837311902263,1.34344106558061,0.689297155051685,-0.0495477737154604,"1"
"d|CBMCK1-3-60|N|i115","d","CBMCK1","3-60","N","i115",4,2,16,8,4,0.0970675437444505,-0.280594184717627,-0.200116996045593,0.833456575950672,1.18387612956838,-0.460672033111344,-0.539141487778367,0.0285350395826945,-1.19265894213774,-1.08627492316864,-0.6155939587309,2.23372654279612,-0.76522981415847,-0.925318644486135,0.466032168043571,1.10243796516899,"1"
"d|CBMCK1-3-60|N|i116","d","CBMCK1","3-60","N","i116",3,6,12,2,5,0.344629378207336,0.0329639448091234,0.460307015838535,0.108095005031815,1.44704439605774,-0.339452229412291,0.313808839748293,-0.220277067998396,0.254046785650944,-1.59630062099859,-0.0688409263166121,-0.006381512208297,-0.130088204327034,-0.413018064793644,0.308858060274176,-0.0495477737154604,"1"
"d|CBMCK1-3-60|N|i116","d","CBMCK1","3-60","N","i116",3,6,12,2,5,0.344629378207336,0.0329639448091234,0.460307015838535,0.108095005031815,1.44704439605774,-0.339452229412291,0.313808839748293,-0.220277067998396,-0.118091734033912,-0.17880058287991,-0.0688409263166121,-0.006381512208297,1.06080231410691,0.904326282987047,0.308858060274176,-0.0495477737154604,"1"
"d|CBMCK1-3-60|N|i117","d","CBMCK1","3-60","N","i117",4,2,12,3,6,-0.317357798829474,-0.536789830901542,0.18915725507364,0.108095005031815,1.06425419025504,-1.62069952167444,0.941185526937324,-0.584275531447153,-0.0740574025619308,0.436403880875169,0.0738947354641597,1.01645778902595,-0.844622515387399,-0.852132847387208,0.547951535167195,-0.0495477737154604,"1"
"d|CBMCK1-3-60|N|i117","d","CBMCK1","3-60","N","i117",4,2,12,3,6,-0.317357798829474,-0.536789830901542,0.18915725507364,0.108095005031815,1.06425419025504,-1.62069952167444,0.941185526937324,-0.584275531447153,-0.299649499515662,-0.491414850255205,-0.838864772507104,-0.167238605876892,1.8547293263962,0.318839906195629,0.547951535167195,-0.0495477737154604,"1"
"c|DSGAR1-3-60|V|i119","c","DSGAR1","3-60","V","i119",4,6,11,3,6,1.38057386744503,1.30166075085114,0.302952259305138,2.07660364820537,2.09300286834979,0.201433603548677,-0.209456936515678,0.367229223883807,1.10676963640044,0.421935466286422,1.35995648531828,2.31675495719919,0.346268003046543,0.538397297492411,0.268592608637141,-1.20153351259992,"1"
"e|JKFRS1-6-0|V|i122","e","JKFRS1","6-0","V","i122",2,4,12,3,3,0.79647415314092,0.858913366703704,0.348226406654494,1.37729746572073,1.56666633537108,-0.541996711542355,-0.21433713546529,-1.08716814542241,-1.36274535424254,-1.15188207706128,-1.52042830929762,-0.86648225239315,0.902016911649049,0.83114048588812,0.0253337421954633,1.10243796516899,"1"
"a|MAVELK-1-20|N|i125","a","MAVELK1","1-20","N","i125",3,6,14,5,5,-0.901457513133585,-1.51079034376905,-1.55781487995569,-0.726549614937116,0.226900615061628,0.090187581166634,0.0860119976669519,-0.265776875929491,-0.773088142970722,-0.483562662406201,-1.04136620825761,0.896247084694556,0.108089899359754,-0.120274876397935,0.0220014289565362,-0.0495477737154604,"1"
"a|MAVELK-1-20|N|i125","a","MAVELK1","1-20","N","i125",3,6,14,5,5,-0.901457513133585,-1.51079034376905,-1.55781487995569,-0.726549614937116,0.226900615061628,0.090187581166634,0.0860119976669519,-0.265776875929491,-0.118091734033912,-0.17880058287991,-0.0688409263166121,-0.006381512208297,0.505053405504401,0.83114048588812,0.0220014289565362,-0.0495477737154604,"1"
"d|MBSGF1-X1|N|i135","d","MBSGF1","X1","N","i135",3,4,11,2,5,-0.731783141403399,-1.51079034376905,-1.9891413217057,-1.0434087335702,-0.249194703405481,-0.189845509657129,-0.295131540297758,0.655394674114073,-0.972176151157495,-0.932397849906521,-0.837771647347857,-0.0881811156409293,-1.08280061907419,-0.705761253189353,0.263316446008839,-0.0495477737154604,"1"
"d|MBSGF1-X1|N|i135","d","MBSGF1","X1","N","i135",3,4,11,2,5,-0.731783141403399,-1.51079034376905,-1.9891413217057,-1.0434087335702,-0.249194703405481,-0.189845509657129,-0.295131540297758,0.655394674114073,0.180307707786871,-0.183454710212751,-0.0688409263166121,-0.006381512208297,0.981409612877978,0.684768891690265,0.263316446008839,-0.0495477737154604,"1"
"c|NSLJU1-4-0|V|i141","c","NSLJU1","4-0","V","i141",1,6,16,6,4,1.45261723637061,1.14089296033016,0.968566868134502,0.833456575950672,1.49489317178307,-0.0696758626034187,-0.0104870683305855,-0.00453613660301166,1.78266439491012,1.05706201187891,3.66563072746006,1.9568448304172,-1.47976412521883,-2.1694771951679,1.04085620175849,-0.0495477737154604,"1"
"c|NSLJU1-4-0|V|i141","c","NSLJU1","4-0","V","i141",1,6,16,6,4,1.45261723637061,1.14089296033016,0.968566868134502,0.833456575950672,1.49489317178307,-0.0696758626034187,-0.0104870683305855,-0.00453613660301166,1.86683973460937,1.26457418082046,2.35278741120439,1.88681216783375,1.61655122270941,1.63618425397632,1.04085620175849,-0.0495477737154604,"1"
"d|NSRIB1-2-40|V|i144","d","NSRIB1","2-40","V","i144",1,1,7,2,1,-0.901457513133585,-1.03798436514559,-0.91301858517433,-0.467656864269193,1.06425419025504,1.41746771027653,0.245486054453723,0.373615161839049,0.451948652251284,0.312353956386956,-0.0898007571330819,0.927653484925281,-0.288873606784893,-0.486203861892571,1.05557391856375,-0.0495477737154604,"1"
"d|NSRIB1-2-40|V|i144","d","NSRIB1","2-40","V","i144",1,1,7,2,1,-0.901457513133585,-1.03798436514559,-0.91301858517433,-0.467656864269193,1.06425419025504,1.41746771027653,0.245486054453723,0.373615161839049,0.521677606381599,0.346370799522385,-0.869745558255832,-0.700425423587017,1.45776582025155,1.34344106558061,1.05557391856375,-0.0495477737154604,"1"
"a|SEBRN-1-20|N|i145","a","SEBRN","1-20","N","i145",1,1,8,3,1,1.48733137751689,1.5767182333873,0.891633457588544,2.15337795773725,0.561842045138991,2.15782916957771,-0.62047813693857,-0.0217542218148311,-1.09077793494582,-0.547361264475242,-0.964574165820511,-1.33613428342962,0.346268003046543,0.245654109096702,0.641811691396974,-0.0495477737154604,"1"
"a|SEBRN-1-20|N|i145","a","SEBRN","1-20","N","i145",1,1,8,3,1,1.48733137751689,1.5767182333873,0.891633457588544,2.15337795773725,0.561842045138991,2.15782916957771,-0.62047813693857,-0.0217542218148311,-0.076778026164503,-0.469530669010894,-0.722446943047296,-1.11448451628405,0.822624210420119,0.977512080085974,0.641811691396974,-0.0495477737154604,"1"
"c|SEBRN-1-20|N|i148","c","SEBRN","1-20","N","i148",2,5,6,7,2,0.18440138227866,0.289159590993038,0.0223110732653328,1.90935423119014,2.47579307415249,-0.884557739084301,0.147882075461479,-0.428618293788145,-0.744413021721055,-0.209046774784843,-0.0688409263166121,-0.006381512208297,-0.527051710471681,-1.29124762998077,1.56486245857978,1.10243796516899,"1"
"c|SEBRN-1-20|N|i148","c","SEBRN","1-20","N","i148",2,5,6,7,2,0.18440138227866,0.289159590993038,0.0223110732653328,1.90935423119014,2.47579307415249,-0.884557739084301,0.147882075461479,-0.428618293788145,-0.408587728876225,-0.598112450899729,1.5045222876287,0.215775079695513,1.06080231410691,1.19706947138276,1.56486245857978,1.10243796516899,"1"
"b|SEBRN-1-20|N|i151","b","SEBRN","1-20","N","i151",1,2,5,1,3,0.850841629778746,0.69340632814988,0.620483696823649,1.09234932661859,2.06907848048712,2.26907519195975,0.610416487019166,-0.0820215112674213,-0.677399224793964,-0.151749185617931,2.12897003484856,-0.407660014539684,0.822624210420119,0.684768891690265,2.04471556498528,1.10243796516899,"1"
"b|SEBRN-1-20|N|i151","b","SEBRN","1-20","N","i151",1,2,5,1,3,0.850841629778746,0.69340632814988,0.620483696823649,1.09234932661859,2.06907848048712,2.26907519195975,0.610416487019166,-0.0820215112674213,-0.335381842933968,-0.333714679827686,0.114886928935923,-0.977668129072038,2.25169283254085,1.92892744237203,2.04471556498528,1.10243796516899,"1"
"e|SEBRN-1-20|N|i152","e","SEBRN","1-20","N","i152",1,5,15,6,4,0.79647415314092,0.69340632814988,0.597357092605285,1.31124002840714,1.23172490529372,-0.0210584412154089,0.342547789118231,-0.791020272748092,-0.00182547471725005,1.30388050990578,1.52611150952383,0.647161841485357,-0.527051710471681,-0.559389658991499,0.590160836193605,1.10243796516899,"1"
"e|SEBRN-1-20|N|i152","e","SEBRN","1-20","N","i152",1,5,15,6,4,0.79647415314092,0.69340632814988,0.597357092605285,1.31124002840714,1.23172490529372,-0.0210584412154089,0.342547789118231,-0.791020272748092,0.618775782432345,0.220054946333862,1.2812514738525,-1.26176970357296,1.37837311902263,1.12388367428383,0.590160836193605,1.10243796516899,"1"
"e|SMITH1-1-0|Q|i159","e","SMITH1","1-0","Q","i159",1,2,15,6,4,1.04985646884632,1.09765306530672,1.4456254903504,1.09234932661859,2.04515409262446,0.278154998294914,0.247655031764662,0.573973965184746,0.238958383216089,-0.128789646942272,0.74015452002522,-0.00154277017686007,-1.63854952767669,-1.14487603578292,0.993093045333872,1.10243796516899,"1"
"e|SMITH1-1-0|Q|i159","e","SMITH1","1-0","Q","i159",1,2,15,6,4,1.04985646884632,1.09765306530672,1.4456254903504,1.09234932661859,2.04515409262446,0.278154998294914,0.247655031764662,0.573973965184746,-0.0275732552748376,0.149343344326273,-0.087067944234964,-0.472638773637736,1.37837311902263,0.684768891690265,0.993093045333872,1.10243796516899,"1"
"e|SMITH1-1-0|Q|i160","e","SMITH1","1-0","Q","i160",2,5,9,3,4,-1.57852930075358,-1.51079034376905,-2.72649874413578,-1.0434087335702,-0.0673693556491985,1.42130378001384,0.26826031621858,0.151703817894412,-0.429656036837389,-0.194442190675204,-0.571049108491583,-0.506933118717263,-1.32097872276098,-0.852132847387208,-0.501449442324927,1.10243796516899,"1"
"e|SMITH1-1-0|Q|i160","e","SMITH1","1-0","Q","i160",2,5,9,3,4,-1.57852930075358,-1.51079034376905,-2.72649874413578,-1.0434087335702,-0.0673693556491985,1.42130378001384,0.26826031621858,0.151703817894412,-0.740255808247748,4.88483492471216,-1.26736983493194,-1.9342998602378,-0.447659009242752,0.099282514898847,-0.501449442324927,1.10243796516899,"1"
"b|WSSWM3-3-80|V|i161","b","WSSWM3","3-80","V","i161",4,1,1,6,2,0.619857275695455,0.959326481724044,-1.01440782902164,0.257704706649664,0.226900615061628,-1.04797430989379,0.778512228616918,-0.462144468053162,1.38883044350199,-0.249543675139123,2.07677330849452,-0.213806716563829,-0.447659009242752,-0.705761253189353,-0.226255907343532,1.10243796516899,"1"
"b|WSSWM3-3-80|V|i161","b","WSSWM3","3-80","V","i161",4,1,1,6,2,0.619857275695455,0.959326481724044,-1.01440782902164,0.257704706649664,0.226900615061628,-1.04797430989379,0.778512228616918,-0.462144468053162,1.73965171303562,0.645288180446873,3.47979945038807,1.08721243782161,0.0286971981308248,0.611583094591338,-0.226255907343532,1.10243796516899,"1"
"d|JARI1-1-80|Q|178","d","JARI1","1-80","Q","178",1,3,5,1,3,-1.57852930075358,-1.25459469758513,-0.225148313210963,-0.467656864269193,0.490068881550984,0.454614206211258,0.886961094163856,-0.611415767756929,-0.118091734033912,-0.17880058287991,-0.0688409263166121,-0.006381512208297,0.130294479041361,0.127604415830966,0.836474323104298,-0.0495477737154604,"1"
"d|MSMID1-1-20|Q|391","d","MSMID1","1-20","Q","391",1,1,15,6,4,-0.202050903737115,-0.168119315726097,0.136396926957754,-0.248766162480647,1.11210296598037,0.726975157560397,0.903228423995896,-0.281741720817594,-0.118091734033912,-0.17880058287991,-0.0688409263166121,-0.006381512208297,0.130294479041361,0.127604415830966,-0.85550772396093,-1.20153351259992,"1"
"e|DVGM-20|Q|131","e","DVGM","20","Q","131",2,1,6,1,4,1.38057386744503,1.44590890118154,0.789357359253272,1.55881814686953,0.729312760177673,0.485302764109752,-1.13018780500917,-1.65392013895008,-0.118091734033912,-0.17880058287991,-0.0688409263166121,-0.006381512208297,0.130294479041361,0.127604415830966,-1.42005712518916,-1.20153351259992,"1"
"c|BWPEM1-9-0|Q|13","c","BWPEM1","9-0","Q","13",3,6,19,9,4,0.79647415314092,0.80588119714141,0.222930945584561,-0.0591544119834215,0.17905183933629,-1.20256792030745,0.648373589960594,-0.341609889147982,-0.118091734033912,-0.17880058287991,-0.0688409263166121,-0.006381512208297,0.130294479041361,0.127604415830966,0.407994379132257,-1.20153351259992,"1"
"e|JARI1-1-80|Q|170","e","JARI1","1-80","Q","170",3,1,11,2,5,-0.731783141403399,-0.850347960428293,-0.419098684706999,-0.0591544119834215,1.13602735384304,1.42513984975115,-0.0261783537413545,-0.959449386317582,-0.118091734033912,-0.17880058287991,-0.0688409263166121,-0.006381512208297,0.130294479041361,0.127604415830966,1.91780996913614,-0.0495477737154604,"1"
"c|MSMID1-1-20|Q|386","c","MSMID1","1-20","Q","386",3,1,14,5,5,-1.57852930075358,-1.51079034376905,-0.619145244214343,-1.45191118585597,1.04032980239237,-0.461822854032538,0.120769859074745,0.101414556496886,-0.118091734033912,-0.17880058287991,-0.0688409263166121,-0.006381512208297,0.130294479041361,0.127604415830966,-0.164052726883559,-0.0495477737154604,"1"
"c|MSMID1-1-20|Q|382","c","MSMID1","1-20","Q","382",3,2,14,5,5,0.418520813002491,0.289159590993038,0.935059156346483,-0.248766162480647,-0.26594177490935,-0.947085675802484,0.604994043741819,-3.60961363774274,-0.118091734033912,-0.17880058287991,-0.0688409263166121,-0.006381512208297,0.130294479041361,0.127604415830966,-1.30120461966743,-2.35351925148437,"1"
"b|MSMID1-1-20|Q|379","b","MSMID1","1-20","Q","379",4,6,5,5,2,1.1829264391567,1.1828419175414,0.585602476908467,1.01118558908226,0.298673778649634,-0.596468901812183,-0.195900828322311,0.464614777701238,-0.118091734033912,-0.17880058287991,-0.0688409263166121,-0.006381512208297,0.130294479041361,0.127604415830966,0.416047469459664,-0.0495477737154604,"1"
"c|SMAKC1-B|N|441","c","SMAKC1","B","N","441",1,2,11,8,2,-1.89998257001162,-1.51079034376905,-1.86384586063576,-3.01191737674376,-0.739644654590192,0.0825154416920104,-0.195900828322311,0.348869652262488,-0.118091734033912,-0.17880058287991,-0.0688409263166121,-0.006381512208297,0.130294479041361,0.127604415830966,-0.141281919750891,-0.0495477737154604,"1"
"c|JARI1-1-80|Q|177","c","JARI1","1-80","Q","177",1,4,2,1,1,0.0970675437444505,0.505769923432586,0.206178128539045,0.257704706649664,-0.42623517358923,-0.49174419798357,-0.501184384836939,-0.164400110890035,-0.118091734033912,-0.17880058287991,-0.0688409263166121,-0.006381512208297,0.130294479041361,0.127604415830966,1.7331442771456,1.10243796516899,"1"
"b|EFCC2-4-80|Q|142","b","EFCC2","4-80","Q","142",1,6,4,7,4,0.418520813002491,-0.402861328248016,0.718748762517332,-0.0591544119834215,1.47096878392041,-0.698508356824678,-0.324954978323166,0.512509312365548,-0.118091734033912,-0.17880058287991,-0.0688409263166121,-0.006381512208297,0.130294479041361,0.127604415830966,0.35773198777844,-0.0495477737154604,"1"
"e|JWBOY-2-80|Q|264","e","JWBOY1","2-80","Q","264",1,2,17,9,3,0.266741915474635,-0.0639838522780803,0.433374390040656,0.108095005031815,-0.344892254856156,-0.197517649131753,0.349054721051048,0.796683551373788,-0.118091734033912,-0.17880058287991,-0.0688409263166121,-0.006381512208297,0.130294479041361,0.127604415830966,2.92333548898239,1.10243796516899,"1"
"b|SMAKC1-B|N|438","b","SMAKC1","B","N","438",1,3,19,6,6,0.418520813002491,0.437210681965965,0.70826806792031,0.833456575950672,0.17905183933629,0.0288104653696448,0.424968926933904,-0.275355782862353,-0.118091734033912,-0.17880058287991,-0.0688409263166121,-0.006381512208297,0.130294479041361,0.127604415830966,1.04752082823635,1.10243796516899,"1"
"b|CWRIC2-X2|Q|85","b","CWRIC2","X2","Q","85",3,2,5,1,4,-0.580004243875543,-0.684840921874468,-0.359984483046056,-0.467656864269193,-1.33775435115691,0.274318928557602,0.973720186601405,-0.0578347712619447,-1.31940619753573,-0.631396099642913,-1.17062825833858,-1.14733488893917,0.130294479041361,0.127604415830966,0.633203215529746,1.10243796516899,"1"
"c|SMITH1-20|Q|467","c","SMITH1","20","Q","467",3,2,1,4,1,0.266741915474635,0.289159590993038,0.631861151766045,-0.0591544119834215,1.75806143827243,1.41363164053921,-0.399784695550553,-0.654520848954808,-0.576938408274727,-1.01313678878283,0.778687181888677,-0.344847214078234,0.130294479041361,0.127604415830966,-0.478956327962169,-1.20153351259992,"1"
