"Tag","population","ID","gh_bench","gh_col","gh_row","Sample","ChlorA","ChlorB","gluc_Conc","flav_Conc","GM_Leaf_Len","GM_Leaf_Wid","GM_TotalLeaf_Area","GM_NumberOfLeaves","Row_Field","Col_Field","Larg_Leaf_Len_Bolt","Larg_Leaf_Wid_Bolt","GM_StemHeight_Bolt","GM_Leaf_Number_Bolt","RGR1","RGR2","RGR3","RGR4","petri_dish","family","common_garden","mortality"
"d|JBBLB2-1-20|Q|215","JBBLB2","215",3,1,21,"215_1",0.42735697,0.120027085,0.238692327,0.137760972,47,44,3854,2,8,3,12,10,71,7,2.19e-07,2.43e-07,2.48e-08,-1.6e-08,"d","1-20","Q","1"
"d|BWPEM1-9-0|Q|22","BWPEM1","22",3,1,21,NA,0.357255232002347,0.126365750021127,0.203096599088803,0.108101937554967,53.2796803652968,52.3869863013699,5820,2,8,3,7,9,55,5,2.44e-07,4.49e-08,7.45e-08,6.42e-08,"d","9-0","Q","1"
"d|BWPEM1-9-0|Q|21","BWPEM1","21",3,4,20,"21_1",0.52144003,0.151647035,0.202118948,0.089629012,36,27,972,1,4,2,15,14,70,8,1.51e-06,8.91e-08,1.6e-07,-3.03e-07,"d","9-0","Q","1"
"b|JBCHY1-1-50|Q|223","JBCHY1","223",3,4,20,"223_1",0.637141085,0.186668035,0.309528461,0.147909407,48,47,10404,3,4,2,20,18,122,13,1.11e-06,1.34e-07,-7.73e-08,7.41e-08,"b","1-50","Q","1"
"b|JBCHY1-1-50|Q|223","JBCHY1","223",3,4,20,"223_2",0.98817959,0.31782379,0.216448263,0.118763795,56,52,10404,3,4,2,20,18,122,13,1.11e-06,1.34e-07,-7.73e-08,7.41e-08,"b","1-50","Q","1"
"d|BWPEM1-9-0|Q|18","BWPEM1","18",4,1,9,"18_1",0.285309185,0.06039194,0.201394723,0.141941651,33,32,2500,2,4,4,18,14,90,6,8.67e-07,-1.02e-07,-8.77e-08,2.82e-08,"d","9-0","Q","1"
"a|MSMID1-1-20|Q|366","MSMID1","366",4,1,9,"366_1",0.283447385,0.088608165,0.133714142,0.144855129,40,36,5094,2,4,4,29,25,199,20,5.27e-07,7.62e-09,6.02e-08,-5.52e-08,"a","1-20","Q","1"
"a|MSMID1-1-20|Q|366","MSMID1","366",4,1,9,"366_2",0.205233855,0.068919565,0.172201545,0.115644532,58,63,5094,2,4,4,29,25,199,20,5.27e-07,7.62e-09,6.02e-08,-5.52e-08,"a","1-20","Q","1"
"d|SMAKC1-B|N|442","SMAKC1","442",4,4,1,"442_1",0.27810373,0.09576644,0.175339855,0.12219715,35,31,7805,3,6,2,15,18,79,9,2.67e-07,9.65e-08,-1.91e-07,1.23e-07,"d","B","N","1"
"d|BWPEM1-9-0|Q|25","BWPEM1","25",4,4,1,NA,0.357255232002347,0.126365750021127,0.203096599088803,0.108101937554967,53.2796803652968,52.3869863013699,4172,2,6,2,8,9,56,5,9.41e-07,-3.42e-07,3.38e-07,-2.08e-07,"d","9-0","Q","1"
"e|JWBOY-2-80|Q|263","JWBOY1","263",3,2,2,"263_1",0.452845405,0.14097845,0.361965822,0.157613781,46,35,8730,3,4,1,4,4,20,3,3.51e-07,-2.37e-09,-2.61e-09,9.65e-08,"e","2-80","Q","1"
"e|JWBOY-2-80|Q|263","JWBOY1","263",3,2,2,"263_2",0.430773925,0.132542595,0.211723555,0.095802554,55,55,8730,3,4,1,4,4,20,3,3.51e-07,-2.37e-09,-2.61e-09,9.65e-08,"e","2-80","Q","1"
"e|DVGM-20|Q|127","DVGM","127",4,6,16,"127_1",0.44175247,0.10190475,0.304200231,0.120431734,32,35,4768,3,8,4,7,9,32,6,3.35e-07,2.29e-07,-8.73e-08,2.48e-08,"e","20","Q","1"
"e|DVGM-20|Q|127","DVGM","127",4,6,16,"127_2",0.357255232002347,0.126365750021127,0.203096599088803,0.108101937554967,52,48,4768,3,8,4,7,9,32,6,3.35e-07,2.29e-07,-8.73e-08,2.48e-08,"e","20","Q","1"
"b|KVEDG1-1-80|Q|279","KVEDG1","279",4,6,16,"279_1",0.56905025,0.296965635,0.313166831,0.148039377,32,34,5647,3,8,4,12,12,120,8,3.88e-07,1.73e-08,1.16e-07,-2.99e-08,"b","1-80","Q","1"
"b|KVEDG1-1-80|Q|279","KVEDG1","279",4,6,16,"279_2",0.20338828,0.0992714,0.099641065,0.051028134,47,52,5647,3,8,4,12,12,120,8,3.88e-07,1.73e-08,1.16e-07,-2.99e-08,"b","1-80","Q","1"
"d|KVEDG1-1-80|Q|294","KVEDG1","294",3,2,17,"294_1",0.40292153,0.12836582,0.181168144,0.126020413,39,36,4544,3,9,4,15,16,54,6,1.94e-07,8.84e-08,1.33e-07,3.92e-08,"d","1-80","Q","1"
"d|KVEDG1-1-80|Q|294","KVEDG1","294",3,2,17,"294_2",0.473864705,0.17488648,0.281300916,0.120821642,37,35,4544,3,9,4,15,16,54,6,1.94e-07,8.84e-08,1.33e-07,3.92e-08,"d","1-80","Q","1"
"b|MHBUR1-4-20|Q|343","MHBUR1","343",3,2,17,"343_1",0.49381397,0.122606525,0.21418937,0.095250184,33,36,4563,3,9,4,9,6,25,6,3.62e-07,1.13e-07,-8.01e-08,3.33e-08,"b","4-20","Q","1"
"b|MHBUR1-4-20|Q|343","MHBUR1","343",3,2,17,"343_2",0.75106065,0.205821035,0.228949772,0.14613316,36,40,4563,3,9,4,9,6,25,6,3.62e-07,1.13e-07,-8.01e-08,3.33e-08,"b","4-20","Q","1"
"b|KVEDG1-1-80|Q|281","KVEDG1","281",4,4,2,"281_1",0.1186483,0.040366095,0.123954344,0.035052742,46,51,4075,3,6,2,10,10,14,2,4.8e-07,7.61e-08,-4.19e-08,7.76e-08,"b","1-80","Q","1"
"d|VRPET2-3-20|Q|526","VRPET2","526",4,4,2,"526_1",0.638452865,0.19536562,0.480842236,0.18894721,42,42,8718,3,6,2,26,29,99,9,6.31e-07,-1.84e-07,-1.14e-07,8.99e-08,"d","3-20","Q","1"
"d|VRPET2-3-20|Q|526","VRPET2","526",4,4,2,"526_2",0.28281624,0.114843925,0.154871868,0.05726666,57,58,8718,3,6,2,26,29,99,9,6.31e-07,-1.84e-07,-1.14e-07,8.99e-08,"d","3-20","Q","1"
"c|KVEDG1-1-80|Q|286","KVEDG1","286",3,3,11,"286_1",0.33510326,0.05591969,0.203096599088803,0.108101937554967,35,36,4920,2,2,5,11,16,127,7,6.59e-07,-1.02e-07,1.57e-07,-5.55e-08,"c","1-80","Q","1"
"c|KVEDG1-1-80|Q|286","KVEDG1","286",3,3,11,"286_2",0.46916842,0.157944605,0.230122327,0.10051394,61,60,4920,2,2,5,11,16,127,7,6.59e-07,-1.02e-07,1.57e-07,-5.55e-08,"c","1-80","Q","1"
"c|VRCAN-1-40|Q|493","VRCAN","493",3,3,11,NA,0.357255232002347,0.126365750021127,0.203096599088803,0.108101937554967,53.2796803652968,52.3869863013699,1200,2,2,5,8,10,34,5,1.18e-06,1.7e-08,5.53e-08,-2.75e-07,"c","1-40","Q","1"
"c|KVEDG1-1-80|Q|291","KVEDG1","291",4,1,16,"291_1",0.32491811,0.081677875,0.122833519,0.079209808,54,49,2646,1,8,4,7,9,36,4,5.26e-07,1.39e-07,-1.68e-07,4.08e-08,"c","1-80","Q","1"
"a|JARI1-1-80|Q|160","JARI1","160",2,5,7,"160_1",0.238527255,0.078751725,0.203096599088803,0.108101937554967,32,25,11180,4,1,4,32,31,85,17,3.61e-07,2.02e-07,1.73e-07,-1.55e-08,"a","1-80","Q","1"
"a|JARI1-1-80|Q|160","JARI1","160",2,5,7,"160_2",0.373287645,0.108321045,0.228811824,0.103514065,58,50,11180,4,1,4,32,31,85,17,3.61e-07,2.02e-07,1.73e-07,-1.55e-08,"a","1-80","Q","1"
"d|MHBUR1-4-20|Q|351","MHBUR1","351",2,5,7,"351_1",0.44534953,0.24743652,0.252331904,0.128164906,35,40,1841,2,1,4,7,10,35,4,7.83e-07,1.09e-07,-1.17e-07,3.91e-09,"d","4-20","Q","1"
"d|JARI1-1-80|Q|179","JARI1","179",1,2,11,NA,0.357255232002347,0.126365750021127,0.203096599088803,0.108101937554967,53.2796803652968,52.3869863013699,4716,2,8,2,13,12,68,6,1.02e-06,-1.99e-07,-1.08e-07,1.34e-07,"d","1-80","Q","1"
"a|DVGM-20|Q|102","DVGM","102",4,6,6,"102_1",0.335638685,0.12639482,0.254625284,0.177163328,50,45,5632,3,5,2,15,15,74,12,6.55e-07,5.15e-08,3.63e-08,7.99e-08,"a","20","Q","1"
"d|JARI1-1-80|Q|183","JARI1","183",4,6,6,"183_1",0.216213215,0.093043995,0.146750198,0.086964642,41,40,3488,2,5,2,8,13,36,7,7.81e-07,1.26e-08,-9.25e-08,3.45e-08,"d","1-80","Q","1"
"e|JBBLB2-1-20|Q|216","JBBLB2","216",4,1,3,"216_1",0.28262154,0.089216605,0.152785409,0.062768693,32,42,2838,3,3,3,1,1,14,1,3.05e-07,2.71e-07,4.05e-08,4.88e-08,"e","1-20","Q","1"
"b|MAVBEL2-1-20|N|313","MAVBEL2","313",4,1,3,"313_1",0.67496852,0.19208597,0.300837757,0.128121583,37,40,2496,3,3,3,7,7,6,6,3.65e-07,7.1e-09,-2.34e-09,7.15e-08,"b","1-20","N","1"
"e|JBBLB2-1-20|Q|217","JBBLB2","217",4,4,14,"217_1",0.35205905,0.156174635,0.203096599088803,0.108101937554967,47,39,5798,2,5,5,21,13,17,8,8.43e-07,4.51e-08,1.22e-08,-1.31e-07,"e","1-20","Q","1"
"e|JBBLB2-1-20|Q|217","JBBLB2","217",4,4,14,"217_2",0.363507305,0.132707205,0.173184422,0.127731675,61,65,5798,2,5,5,21,13,17,8,8.43e-07,4.51e-08,1.22e-08,-1.31e-07,"e","1-20","Q","1"
"b|CWRIC2-X2|Q|85","CWRIC2","85",3,2,5,"85_1",0.195453515,0.093305725,0.155061546,0.10191111,38,35,10321,4,1,4,10,9,37,6,3.86e-07,2.86e-07,1.71e-07,-6.05e-09,"b","X2","Q","1"
"b|CWRIC2-X2|Q|85","CWRIC2","85",3,2,5,"85_4",0.441947985,0.182294345,0.215913716,0.108929452,57,52,10321,4,1,4,10,9,37,6,3.86e-07,2.86e-07,1.71e-07,-6.05e-09,"b","X2","Q","1"
"e|VSGARO1-1-0|Q|544","VSGAR01","544",3,3,22,"544_1",0.43668464,0.145368395,0.389417411,0.140176235,48,40,3306,2,8,3,8,8,46,5,1.22e-06,3.79e-08,9.22e-08,-3.76e-08,"e","1-0","Q","1"
"e|VSGARO1-1-0|Q|544","VSGAR01","544",3,3,22,"544_2",0.25531998,0.102888295,0.144646496,0.065368079,42,33,3306,2,8,3,8,8,46,5,1.22e-06,3.79e-08,9.22e-08,-3.76e-08,"e","1-0","Q","1"
"a|DVGM-20|Q|107","DVGM","107",4,5,22,"107_1",0.41521267,0.161187835,0.220397016,0.120410072,36,39,2478,3,8,6,18,20,68,9,1.04e-06,2.75e-07,-5.4e-07,9.15e-08,"a","20","Q","1"
"d|JBCHY1-1-50|Q|273","JBCHY1","273dd",4,5,22,"273dd_1",0.65317368,0.27471776,0.203096599088803,0.108101937554967,37,31,5589,3,8,6,21,18,138,8,8.74e-07,1.01e-07,-1.05e-08,-3.32e-08,"d","1-50","Q","1"
"d|JBCHY1-1-50|Q|273","JBCHY1","273dd",4,5,22,"273dd_2",0.18782621,0.073154365,0.203096599088803,0.108101937554967,53,51,5589,3,8,6,21,18,138,8,8.74e-07,1.01e-07,-1.05e-08,-3.32e-08,"d","1-50","Q","1"
"c|CWRIC2-X2|Q|90","CWRIC2","90",4,3,3,"90_1",0.374016955,0.14966122,0.226259792,0.075678976,45,41,5601,3,3,2,20,18,56,6,3.29e-07,4.22e-08,-1.66e-08,2.82e-07,"c","X2","Q","1"
"c|CWRIC2-X2|Q|90","CWRIC2","90",4,3,3,"90_2",0.720504385,0.228333315,0.219121,0.137988418,40,41,5601,3,3,2,20,18,56,6,3.29e-07,4.22e-08,-1.66e-08,2.82e-07,"c","X2","Q","1"
"a|DVGM-20|Q|105","DVGM","105",2,2,21,"105_1",0.419181275,0.246314085,0.251159348,0.090192213,59,60,6867,3,8,6,24,26,150,11,1.13e-06,3.47e-07,8.3e-08,-8.27e-08,"a","20","Q","1"
"a|DVGM-20|Q|105","DVGM","105",2,2,21,"105_2",0.40523763,0.159946675,0.313873812,0.1146481,36,37,6867,3,8,6,24,26,150,11,1.13e-06,3.47e-07,8.3e-08,-8.27e-08,"a","20","Q","1"
"a|DVGM-20|Q|106","DVGM","106",4,1,21,"106_1",0.357255232002347,0.126365750021127,0.203096599088803,0.108101937554967,32,33,4419,3,9,6,12,11,28,4,4.64e-07,-4.86e-08,-4.32e-09,1.15e-07,"a","20","Q","1"
"a|DVGM-20|Q|106","DVGM","106",4,1,21,"106_2",0.333484835,0.116170065,0.16783895,0.079285623,35,33,4419,3,9,6,12,11,28,4,4.64e-07,-4.86e-08,-4.32e-09,1.15e-07,"a","20","Q","1"
"a|SMITH1-20|Q|449","SMITH1","449",4,1,21,"449_1",0.357255232002347,0.126365750021127,0.203096599088803,0.108101937554967,33,31,5903,4,9,6,12,15,63,8,8.84e-07,1.17e-07,2.49e-08,5.37e-08,"a","20","Q","1"
"a|SMITH1-20|Q|449","SMITH1","449",4,1,21,"449_2",0.357255232002347,0.126365750021127,0.203096599088803,0.108101937554967,54,45,5903,4,9,6,12,15,63,8,8.84e-07,1.17e-07,2.49e-08,5.37e-08,"a","20","Q","1"
"c|JBBLB2-1-20|Q|207","JBBLB2","207",4,5,18,"207_1",0.266445365,0.146233215,0.214258344,0.188893056,39,39,3971,2,7,6,7,6,14,3,1.21e-06,7.53e-08,-3.29e-07,6.03e-08,"c","1-20","Q","1"
"c|JBBLB2-1-20|Q|207","JBBLB2","207",4,5,18,"207_2",0.12676154,0.06982348,0.088070704,0.068898911,50,49,3971,2,7,6,7,6,14,3,1.21e-06,7.53e-08,-3.29e-07,6.03e-08,"c","1-20","Q","1"
"d|VRPET2-3-20|Q|528","VRPET2","528",4,5,9,"528_1",0.624607385,0.176574145,0.222431744,0.110749022,49,51,5439,2,4,4,10,20,72,6,6.14e-07,2.99e-08,-1.96e-07,4.25e-08,"d","3-20","Q","1"
"d|VRPET2-3-20|Q|528","VRPET2","528",4,5,9,"528_2",0.203274705,0.08432213,0.144801687,0.051266411,49,60,5439,2,4,4,10,20,72,6,6.14e-07,2.99e-08,-1.96e-07,4.25e-08,"d","3-20","Q","1"
"b|CRSOSO-3-40|Q|70","CRSORO","70",4,5,9,"70_1",0.61858391,0.20356135,0.222345527,0.084874303,36,35,1260,1,4,4,7,8,21,3,4.76e-07,1.95e-07,-1.23e-07,-7.71e-08,"b","3-40","Q","1"
"b|VRPET2-3-20|Q|509","VRPET2","509",2,5,11,"509_1",0.464649795,0.109732165,0.224638907,0.095813384,35,35,3753,4,4,5,27,18,90,20,6.97e-07,-3.32e-08,1.77e-07,4.61e-08,"b","3-20","Q","1"
"a|CWRIC2-X2|Q|82","CWRIC2","82",2,5,11,"82_1",0.321178285,0.135974715,0.155440902,0.093473937,31,35,3598,3,4,5,31,31,87,10,3.07e-07,8.16e-08,-6.84e-08,1.81e-07,"a","X2","Q","1"
"a|CWRIC2-X2|Q|82","CWRIC2","82",2,5,11,"82_2",0.22994512,0.0968862,0.154613216,0.076902853,44,43,3598,3,4,5,31,31,87,10,3.07e-07,8.16e-08,-6.84e-08,1.81e-07,"a","X2","Q","1"
"d|VRPET2-3-20|Q|530","VRPET2","530",2,3,7,"530_1",0.325064135,0.100898365,0.161838226,0.104261388,47,49,4900,2,1,3,27,27,59,13,1.16e-06,1.88e-07,-3.1e-07,1.22e-07,"d","3-20","Q","1"
"d|VRPET2-3-20|Q|530","VRPET2","530",2,3,7,"530_2",0.200343685,0.081112645,0.203096599088803,0.108101937554967,49,53,4900,2,1,3,27,27,59,13,1.16e-06,1.88e-07,-3.1e-07,1.22e-07,"d","3-20","Q","1"
"d|JBCHY1-1-50|Q|237","JBCHY1","237",3,1,16,"237_1",0.297390215,0.1202133,0.112763338,0.082404886,36,34,2550,3,7,6,13,15,105,5,2e-07,2.4e-07,-2.73e-08,9.13e-08,"d","1-50","Q","1"
"a|MSMID1-1-20|Q|371","MSMID1","371",3,1,16,NA,0.357255232002347,0.126365750021127,0.203096599088803,0.108101937554967,53.2796803652968,52.3869863013699,4588,3,7,6,19,18,62,7,2.33e-07,1.61e-07,6.54e-08,3.64e-08,"a","1-20","Q","1"
"d|JBBLB2-1-20|Q|212","JBBLB2","212",3,3,16,"212_2",0.627263395,0.198240535,0.182185508,0.08315221,35,35,5434,3,7,6,6,10,54,7,5.62e-07,9.29e-09,6.83e-09,-8.04e-08,"d","1-20","Q","1"
"b|JBCHY1-1-50|Q|227","JBCHY1","227",3,3,16,"227_1",0.644589915,0.183327685,0.222655909,0.127190137,36,34,3480,2,7,6,13,12,96,7,4.04e-07,4.03e-08,1.78e-07,-2.03e-07,"b","1-50","Q","1"
"b|JBCHY1-1-50|Q|227","JBCHY1","227",3,3,16,"227_2",0.632558375,0.18467543,0.204395085,0.143284667,48,47,3480,2,7,6,13,12,96,7,4.04e-07,4.03e-08,1.78e-07,-2.03e-07,"b","1-50","Q","1"
"d|JBCHY1-1-50|Q|238","JBCHY1","238",1,3,12,"238_1",0.187195065,0.099390125,0.130196477,0.080791101,38,35,1691,2,5,3,5,7,9,1,1.1e-06,-2.23e-07,7.3e-08,-1.67e-07,"d","1-50","Q","1"
"e|MHNAT1-2-0|Q|365","MHNAT1","365",2,5,2,"365_1",0.4184836,0.154482855,0.280214579,0.144855129,47,43,5167,3,1,2,15,22,76,8,8.5e-07,1.52e-08,1.74e-07,8.11e-08,"e","2-0","Q","1"
"e|MHNAT1-2-0|Q|365","MHNAT1","365",2,5,2,"365_2",0.38752171,0.123604885,0.236554138,0.135703125,54,54,5167,3,1,2,15,22,76,8,8.5e-07,1.52e-08,1.74e-07,8.11e-08,"e","2-0","Q","1"
"b|VRCAN-1-40|Q|481","VRCAN","481",2,5,2,"481_1",0.276338465,0.08203405,0.176305489,0.108101937554967,58,55,6434,3,1,2,33,32,49,8,9.44e-07,1.12e-07,-2.25e-08,3.51e-08,"b","1-40","Q","1"
"b|VRCAN-1-40|Q|481","VRCAN","481",2,5,2,"481_2",0.316740785,0.098440325,0.203096599088803,0.108101937554967,31,24,6434,3,1,2,33,32,49,8,9.44e-07,1.12e-07,-2.25e-08,3.51e-08,"b","1-40","Q","1"
"e|CWRIC2-X2|Q|101","CWRIC2","101",4,5,12,"101_1",0.37474545,0.13623912,0.173977621,0.076783714,37,49,1923,2,3,5,7,5,28,3,5.71e-07,2.06e-07,-1.09e-07,-2.76e-07,"e","X2","Q","1"
"b|MHBUR1-4-20|Q|346","MHBUR1","346",2,3,11,"346_1",0.48787162,0.16027178,0.291922888,0.148093531,34,38,4122,3,4,5,12,17,113,16,8.14e-07,-1.08e-07,8.47e-08,8.89e-08,"b","4-20","Q","1"
"b|MHBUR1-4-20|Q|346","MHBUR1","346",2,3,11,"346_2",0.529439695,0.16615515,0.214706674,0.111550499,34,35,4122,3,4,5,12,17,113,16,8.14e-07,-1.08e-07,8.47e-08,8.89e-08,"b","4-20","Q","1"
"b|CRSOSO-3-40|Q|73","CRSORO","73",2,3,11,NA,0.357255232002347,0.126365750021127,0.203096599088803,0.108101937554967,53.2796803652968,52.3869863013699,861,2,4,5,17,15,77,9,7.55e-07,1.44e-07,-6.96e-07,8.33e-08,"b","3-40","Q","1"
"c|JBBLB2-1-20|Q|210","JBBLB2","210",4,5,15,"210_1",0.385918695,0.131228595,0.19739424,0.157418827,41,41,4543,2,8,5,13,12,79,7,4.66e-07,2.44e-07,-1.05062333696838e-08,-7.78381321776815e-09,"c","1-20","Q","1"
"c|JBBLB2-1-20|Q|210","JBBLB2","210",4,5,15,"210_2",0.357255232002347,0.126365750021127,0.203096599088803,0.108101937554967,53,54,4543,2,8,5,13,12,79,7,4.66e-07,2.44e-07,-1.05062333696838e-08,-7.78381321776815e-09,"c","1-20","Q","1"
"c|CWRIC2-X2|Q|91","CWRIC2","91",4,5,15,NA,0.357255232002347,0.126365750021127,0.203096599088803,0.108101937554967,53.2796803652968,52.3869863013699,1593,2,8,5,11,9,71,4,7.5e-07,3.03e-07,-1.05062333696838e-08,-7.78381321776815e-09,"c","X2","Q","1"
"d|JWBOY-2-80|Q|256","JWBOY1","256",4,1,17,"256_1",0.42636969,0.1540417,0.290008864,0.1321398,44,43,4745,3,6,6,15,11,62,8,6.96e-07,5.13e-07,-5.24e-07,2.1e-07,"d","2-80","Q","1"
"c|VSGARO1-1-0|Q|535","VSGAR01","535",3,3,20,"535_1",0.60030093,0.147235485,0.183306333,0.107294005,44,45,4889,3,4,2,15,15,25,3,6.83e-07,-1.47e-08,-1.02e-07,3.63e-08,"c","1-0","Q","1"
"a|CWRIC2-X2|Q|100","CWRIC2","100",1,6,1,"100_1",0.22121696,0.095800185,0.157251465,0.06958125,69,71,12189,3,1,6,12,14,50,7,5.31e-07,3.14e-07,-2.69e-09,3.76e-08,"a","X2","Q","1"
"a|CWRIC2-X2|Q|100","CWRIC2","100",1,6,1,"100_2",0.310166475,0.107579065,0.215689551,0.146230637,45,47,12189,3,1,6,12,14,50,7,5.31e-07,3.14e-07,-2.69e-09,3.76e-08,"a","X2","Q","1"
"a|DVGM-20|Q|103","DVGM","103",2,3,15,"103_1",0.27099481,0.089192325,0.218138123,0.092910737,53,51,10014,4,4,6,20,19,153,14,7.56e-07,3.15e-08,3.86e-08,-4.29e-08,"a","20","Q","1"
"a|DVGM-20|Q|103","DVGM","103",2,3,15,"103_2",0.227839945,0.093068275,0.191445246,0.110337452,62,68,10014,4,4,6,20,19,153,14,7.56e-07,3.15e-08,3.86e-08,-4.29e-08,"a","20","Q","1"
"a|DVGM-20|Q|108","DVGM","108",2,2,15,"108_1",0.171632995,0.07327309,0.230449953,0.089943105,40,36,8360,3,4,6,17,12,100,9,8.02e-07,1.31e-07,2.08e-08,-7.01e-09,"a","20","Q","1"
"a|DVGM-20|Q|108","DVGM","108",2,2,15,"108_3",0.15422535,0.07750789,0.145043096,0.037164743,65,65,8360,3,4,6,17,12,100,9,8.02e-07,1.31e-07,2.08e-08,-7.01e-09,"a","20","Q","1"
"b|DVGM-20|Q|113","DVGM","113",1,4,10,"113_1",0.360398625,0.160768285,0.173063718,0.083953687,73,87,11511,3,3,1,12,14,116,9,1.96e-06,9.47e-07,-1.1e-07,-1.52e-07,"b","20","Q","1"
"b|DVGM-20|Q|113","DVGM","113",1,4,10,"113_2",0.310653225,0.171647365,0.282318281,0.095564277,74,66,11511,3,3,1,12,14,116,9,1.96e-06,9.47e-07,-1.1e-07,-1.52e-07,"b","20","Q","1"
"b|DVGM-20|Q|114","DVGM","114",1,1,12,"114_1",0.361500295,0.196465215,0.26910979,0.134728355,48,40,13782,3,5,3,10,7,47,11,1.14e-06,8.85e-07,-1.53e-07,-3.24e-08,"b","20","Q","1"
"b|DVGM-20|Q|114","DVGM","114",1,1,12,"114_2",0.26613709,0.105656625,0.112159817,0.065974602,87,84,13782,3,5,3,10,7,47,11,1.14e-06,8.85e-07,-1.53e-07,-3.24e-08,"b","20","Q","1"
"c|DVGM-20|Q|119","DVGM","119",1,2,2,"119_1",0.22111961,0.082986525,0.226190818,0.060710846,52,65,3862,3,1,1,17,18,119,8,1.72e-06,2.69e-07,-9.74e-08,-1.49e-07,"c","20","Q","1"
"d|DVGM-20|Q|125","DVGM","125",3,4,19,"125_1",0.247417665,0.10119384,0.323840532,0.141855005,59,50,11872,4,8,3,14,13,80,8,5.4e-07,2.13e-07,-7.19e-08,2.86e-08,"d","20","Q","1"
"d|DVGM-20|Q|125","DVGM","125",3,4,19,"125_2",0.31962313,0.09524298,0.17063239,0.108101937554967,72,75,11872,4,8,3,14,13,80,8,5.4e-07,2.13e-07,-7.19e-08,2.86e-08,"d","20","Q","1"
"e|DVGM-20|Q|130","DVGM","130",2,4,14,"130_1",0.42144707,0.16196356,0.175219151,0.115601209,42,50,11503,5,9,2,8,8,18,8,1.09e-06,9.5e-08,1.23e-07,2.37e-08,"e","20","Q","1"
"e|DVGM-20|Q|130","DVGM","130",2,4,14,"130_2",0.46720927,0.17334717,0.202687982,0.089163289,53,54,11503,5,9,2,8,8,18,8,1.09e-06,9.5e-08,1.23e-07,2.37e-08,"e","20","Q","1"
"e|DVGM-20|Q|132","DVGM","132",3,5,8,"132_1",0.30051512,0.09428783,0.196083737,0.110564899,75,73,10236,2,4,4,31,35,83,32,1.23e-06,-3.69e-08,7.9e-08,-1.35e-07,"e","20","Q","1"
"e|DVGM-20|Q|132","DVGM","132",3,5,8,"132_2",0.19240892,0.07514697,0.168028628,0.07475836,69,69,10236,2,4,4,31,35,83,32,1.23e-06,-3.69e-08,7.9e-08,-1.35e-07,"e","20","Q","1"
"b|JARI1-1-80|Q|166","JARI1","166",3,4,21,"166_1",0.37532792,0.10359653,0.269075303,0.111788776,38,25,13223,4,4,2,11,13,67,7,1.12e-06,-3.9e-07,-5.87e-09,1.7e-07,"b","1-80","Q","1"
"b|JARI1-1-80|Q|166","JARI1","166",3,4,21,"166_2",0.49852648,0.14168401,0.254642527,0.107478128,60,49,13223,4,4,2,11,13,67,7,1.12e-06,-3.9e-07,-5.87e-09,1.7e-07,"b","1-80","Q","1"
"c|JARI1-1-80|Q|173","JARI1","173",1,3,8,"173_1",0.591428375,0.23645353,0.339652785,0.126876044,61,49,12444,4,2,1,26,25,115,13,1.19e-06,2.19e-07,6.39e-08,5.87e-09,"c","1-80","Q","1"
"c|JARI1-1-80|Q|173","JARI1","173",1,3,8,"173_2",0.273942055,0.09453742,0.169563296,0.062887831,80,59,12444,4,2,1,26,25,115,13,1.19e-06,2.19e-07,6.39e-08,5.87e-09,"c","1-80","Q","1"
"d|JARI1-1-80|Q|180","JARI1","180",5,6,13,"180_1",0.524986785,0.181247425,0.298285725,0.110467422,32,25,5696,3,8,5,16,19,71,7,9.66109837837838e-07,1.96326241513514e-07,-1.27e-06,8.41e-07,"d","1-80","Q","1"
"d|JARI1-1-80|Q|180","JARI1","180",5,6,13,"180_2",0.47496556,0.155821135,0.203515668,0.077314422,54,51,5696,3,8,5,16,19,71,7,9.66109837837838e-07,1.96326241513514e-07,-1.27e-06,8.41e-07,"d","1-80","Q","1"
"e|JARI1-1-80|Q|190","JARI1","190",1,6,19,"190_1",0.57886304,0.276850695,0.193290297,0.107456466,50,47,12650,3,6,6,34,33,92,23,1.13e-06,6.82e-07,3.58e-08,3.61e-10,"e","1-80","Q","1"
"e|JARI1-1-80|Q|190","JARI1","190",1,6,19,"190_2",0.484504155,0.208925375,0.185823878,0.125944598,83,74,12650,3,6,6,34,33,92,23,1.13e-06,6.82e-07,3.58e-08,3.61e-10,"e","1-80","Q","1"
"a|JBBLB2-1-20|Q|194","JBBLB2","194",1,4,1,"194_1",0.077177575,0.047296385,0.115229153,0.054060751,69,72,8811,2,1,5,2,2,5,1,9.41e-07,1.76e-07,1.74e-08,-2.17e-07,"a","1-20","Q","1"
"a|JBBLB2-1-20|Q|194","JBBLB2","194",1,4,1,"194_2",0.23618115,0.207186475,0.18189237,0.129226322,63,61,8811,2,1,5,2,2,5,1,9.41e-07,1.76e-07,1.74e-08,-2.17e-07,"a","1-20","Q","1"
"a|JBBLB2-1-20|Q|195","JBBLB2","195",2,4,10,"195_1",0.26354598,0.092532675,0.203096599088803,0.108101937554967,46,51,4884,2,4,5,24,24,119,7,5.67e-07,3.02e-07,-4.56e-08,-9.96e-09,"a","1-20","Q","1"
"a|JBBLB2-1-20|Q|195","JBBLB2","195",2,4,10,"195_2",0.29397326,0.10769779,0.15568231,0.068877249,54,47,4884,2,4,5,24,24,119,7,5.67e-07,3.02e-07,-4.56e-08,-9.96e-09,"a","1-20","Q","1"
"a|JBBLB2-1-20|Q|199","JBBLB2","199",2,6,13,"199_1",0.400783905,0.120276675,0.161614061,0.110640714,48,48,7054,3,2,3,28,29,74,17,1.16e-06,6.93e-08,1.23e-07,-5.16e-08,"a","1-20","Q","1"
"a|JBBLB2-1-20|Q|199","JBBLB2","199",2,6,13,"199_2",0.31439305,0.117350525,0.108073117,0.074314298,49,50,7054,3,2,3,28,29,74,17,1.16e-06,6.93e-08,1.23e-07,-5.16e-08,"a","1-20","Q","1"
"b|JBBLB2-1-20|Q|200","JBBLB2","200",4,4,3,"200_1",0.38020268,0.144030115,0.213378928,0.17230031,38,27,5121,2,3,2,5,2,5,2,1.63e-06,4.07e-07,-1e-07,-2.2e-07,"b","1-20","Q","1"
"b|JBBLB2-1-20|Q|200","JBBLB2","200",4,4,3,"200_2",0.237377725,0.09141024,0.147681345,0.094795292,65,63,5121,2,3,2,5,2,5,2,1.63e-06,4.07e-07,-1e-07,-2.2e-07,"b","1-20","Q","1"
"c|JBBLB2-1-20|Q|208","JBBLB2","208",2,2,16,"208_1",0.386566065,0.107128445,0.235502287,0.15592418,43,34,5492,2,4,6,25,26,152,13,7.68e-07,1.77e-07,2.5e-08,-6.66e-08,"c","1-20","Q","1"
"c|JBBLB2-1-20|Q|208","JBBLB2","208",2,2,16,"208_2",0.307737615,0.115811215,0.133610682,0.06664611,62,65,5492,2,4,6,25,26,152,13,7.68e-07,1.77e-07,2.5e-08,-6.66e-08,"c","1-20","Q","1"
"d|BWPEM1-9-0|Q|20","BWPEM1","20",2,4,11,"20_1",0.1650595,0.137174105,0.120402191,0.082643163,75,74,6194,2,4,5,26,31,56,15,8.36e-07,-1.16e-07,-1.68e-07,-1.71e-07,"d","9-0","Q","1"
"e|JBBLB2-1-20|Q|222","JBBLB2","222",3,1,12,"222_1",0.708278145,0.20405374,0.284594417,0.108101937554967,45,43,7070,4,2,5,31,31,73,14,6.96e-07,1.54e-07,9.12e-08,1.56e-08,"e","1-20","Q","1"
"e|JBBLB2-1-20|Q|222","JBBLB2","222",3,1,12,"222_2",0.28519561,0.04544267,0.203096599088803,0.108101937554967,48,51,7070,4,2,5,31,31,73,14,6.96e-07,1.54e-07,9.12e-08,1.56e-08,"e","1-20","Q","1"
"c|JBCHY1-1-50|Q|225","JBCHY1","225",2,5,14,"225_1",0.43778631,0.181065325,0.234795305,0.199507215,31,27,7005,4,9,2,11,10,48,7,1e-06,5.33e-07,1.45e-07,-6.68e-08,"c","1-50","Q","1"
"c|JBCHY1-1-50|Q|225","JBCHY1","225",2,5,14,"225_2",0.2918689,0.15864214,0.165890439,0.108517882,41,44,7005,4,9,2,11,10,48,7,1e-06,5.33e-07,1.45e-07,-6.68e-08,"c","1-50","Q","1"
"b|JBCHY1-1-50|Q|228","JBCHY1","228",3,2,6,"228_1",0.357255232002347,0.126365750021127,0.203096599088803,0.108101937554967,42,30,10920,3,1,5,11,10,7,4,9.5e-07,-6.51e-08,1.37e-07,-1.35e-08,"b","1-50","Q","1"
"b|JBCHY1-1-50|Q|228","JBCHY1","228",3,2,6,"228_2",0.84679377,0.126699555,0.224328525,0.124688228,70,66,10920,3,1,5,11,10,7,4,9.5e-07,-6.51e-08,1.37e-07,-1.35e-08,"b","1-50","Q","1"
"c|JBCHY1-1-50|Q|231","JBCHY1","231",2,5,18,"231_1",0.21208399,0.096086195,0.111021749,0.052912689,40,40,4732,2,2,5,9,7,34,2,1.44e-06,2.19e-07,-2.13e-07,1.1e-07,"c","1-50","Q","1"
"c|JBCHY1-1-50|Q|231","JBCHY1","231",2,5,18,"231_2",0.21318566,0.131783125,0.107728248,0.051147272,54,58,4732,2,2,5,9,7,34,2,1.44e-06,2.19e-07,-2.13e-07,1.1e-07,"c","1-50","Q","1"
"c|JBCHY1-1-50|Q|232","JBCHY1","232",3,5,11,"232_1",0.37495556,0.109239775,0.114004868,0.146880484,45,40,1800,1,2,5,31,28,74,27,1.37e-06,3.38e-07,-1.47e-07,2.12e-08,"c","1-50","Q","1"
"c|JBCHY1-1-50|Q|235","JBCHY1","235",1,2,10,"235_1",0.609029905,0.203083775,0.187651685,0.121428165,52,55,13342,4,8,2,38,40,139,55,1.52e-06,5.38e-07,-7.31e-08,1.5e-08,"c","1-50","Q","1"
"c|JBCHY1-1-50|Q|235","JBCHY1","235",1,2,10,"235_2",0.71527512,0.305203135,0.144198166,0.104737942,74,74,13342,4,8,2,38,40,139,55,1.52e-06,5.38e-07,-7.31e-08,1.5e-08,"c","1-50","Q","1"
"b|JBCHY1-1-50|Q|242","JBCHY1","242",4,4,22,"242_1",0.49454328,0.1639467,0.210740678,0.143219682,55,50,6780,2,8,6,32,35,97,23,9.66e-07,1.66e-07,-1.81e-07,6.84e-08,"b","1-50","Q","1"
"c|JBCHY1-1-50|Q|243","JBCHY1","243",2,2,2,"243_1",0.173689495,0.070684185,0.203096599088803,0.108101937554967,61,60,8548,3,1,2,14,13,81,10,1.23e-06,3.52e-07,-1.78e-07,-4.34e-08,"c","1-50","Q","1"
"c|JBCHY1-1-50|Q|243","JBCHY1","243",2,2,2,"243_2",0.18985026,0.06629424,0.124971708,0.108101937554967,67,67,8548,3,1,2,14,13,81,10,1.23e-06,3.52e-07,-1.78e-07,-4.34e-08,"c","1-50","Q","1"
"e|JBCHY1-1-50|Q|244","JBCHY1","244",3,2,12,"244_1",0.768890145,0.257112095,0.320478058,0.124406628,38,37,9050,3,2,4,18,14,144,8,5.34e-07,1.59e-07,-1.16e-07,-8.22e-08,"e","1-50","Q","1"
"e|JBCHY1-1-50|Q|244","JBCHY1","244",3,2,12,"244_2",0.565729015,0.187739235,0.247434761,0.107402313,57,60,9050,3,2,4,18,14,144,8,5.34e-07,1.59e-07,-1.16e-07,-8.22e-08,"e","1-50","Q","1"
"f|JBCHY1-1-50|Q|245","JBCHY1","245",2,5,12,"245_1",0.780921685,0.25576435,0.266385324,0.149685654,34,27,918,1,3,3,9,12,17,10,2.08e-06,6.99e-07,3.61e-07,-2.57e-07,"f","1-50","Q","1"
"d|JWBOY-2-80|Q|258","JWBOY1","258",3,3,15,"258_1",0.40052512,0.14086919,0.200739471,0.071931528,51,58,3658,2,5,6,19,16,79,8,5.59e-07,4.43e-08,-7.64e-08,-1.11e-07,"d","2-80","Q","1"
"d|JWBOY-2-80|Q|261","JWBOY1","261",1,2,14,"261_1",0.262412675,0.1073268,0.207947238,0.091329444,54,50,14197,4,6,4,3,5,1,4,9.13e-07,2.74e-07,8.98e-08,3.21e-08,"d","2-80","Q","1"
"d|JWBOY-2-80|Q|261","JWBOY1","261",1,2,14,"261_2",0.634242515,0.18772977,0.172460197,0.119868533,78,80,14197,4,6,4,3,5,1,4,9.13e-07,2.74e-07,8.98e-08,3.21e-08,"d","2-80","Q","1"
"d|JWBOY-2-80|Q|262","JWBOY1","262",3,3,10,"262_1",0.42675746,0.09577179,0.239192387,0.108101937554967,42,42,9300,3,2,2,7,7,33,4,6.38e-07,2.15e-07,-1.37e-07,2.79e-09,"d","2-80","Q","1"
"d|JWBOY-2-80|Q|262","JWBOY1","262",3,3,10,"262_2",0.270978585,0.087056715,0.155837502,0.081841686,68,72,9300,3,2,2,7,7,33,4,6.38e-07,2.15e-07,-1.37e-07,2.79e-09,"d","2-80","Q","1"
"e|JWBOY-2-80|Q|266","JWBOY1","266",1,3,6,"266_1",0.18100934,0.10502123,0.108176578,0.100687233,57,58,12535,4,2,4,40,36,115,16,1.47e-06,7.38e-08,-1.41e-07,-3.69e-08,"e","2-80","Q","1"
"e|JWBOY-2-80|Q|266","JWBOY1","266",1,3,6,"266_2",0.256987895,0.103807025,0.10709024,0.074530914,73,73,12535,4,2,4,40,36,115,16,1.47e-06,7.38e-08,-1.41e-07,-3.69e-08,"e","2-80","Q","1"
"a|KVEDG1-1-80|Q|275","KVEDG1","275",4,6,17,"275_1",0.49583965,0.22527095,0.203096599088803,0.108101937554967,43,38,6598,2,7,6,38,39,134,23,6.35e-07,2.39e-07,-6.35e-09,-2.89e-08,"a","1-80","Q","1"
"a|KVEDG1-1-80|Q|275","KVEDG1","275",4,6,17,"275_2",0.315623705,0.11537006,0.175839915,0.114713085,68,73,6598,2,7,6,38,39,134,23,6.35e-07,2.39e-07,-6.35e-09,-2.89e-08,"a","1-80","Q","1"
"d|KVEDG1-1-80|Q|296","KVEDG1","296",4,3,2,"296_1",0.387425175,0.1655535,0.201584401,0.122532904,31,33,4403,2,6,2,26,29,74,7,1.28e-06,3.31e-07,1.68e-08,-1.02e-07,"d","1-80","Q","1"
"d|KVEDG1-1-80|Q|296","KVEDG1","296",4,3,2,"296_2",0.357255232002347,0.126365750021127,0.203096599088803,0.108101937554967,52,65,4403,2,6,2,26,29,74,7,1.28e-06,3.31e-07,1.68e-08,-1.02e-07,"d","1-80","Q","1"
"e|KVEDG1-1-80|Q|299","KVEDG1","299",4,5,11,"299_1",0.25815365,0.09328412,0.153475148,0.097535477,50,42,6553,2,4,6,9,16,58,14,1.14e-06,-1.14e-07,-3.11e-08,-1.74e-07,"e","1-80","Q","1"
"e|KVEDG1-1-80|Q|299","KVEDG1","299",4,5,11,"299_2",0.22725666,0.07094859,0.187893094,0.124666566,61,73,6553,2,4,6,9,16,58,14,1.14e-06,-1.14e-07,-3.11e-08,-1.74e-07,"e","1-80","Q","1"
"e|KVEDG1-1-80|Q|300","KVEDG1","300",4,4,11,"300_1",0.396508655,0.104098385,0.267247497,0.133136232,35,37,1295,1,4,6,24,21,134,11,1.58e-06,6.07e-07,-1.92e-07,-4.44e-08,"e","1-80","Q","1"
"b|MAVBEL2-1-20|N|315","MAVBEL2","315",2,4,8,"315_1",0.22133461,0.38456083,0.148112431,0.080661132,45,42,8221,3,1,3,10,10,40,6,1.67e-06,7.43e-08,-1.76e-08,1.51e-08,"b","1-20","N","1"
"b|MAVBEL2-1-20|N|315","MAVBEL2","315",2,4,8,"315_2",0.21495011,0.09075324,0.110745854,0.069397127,56,61,8221,3,1,3,10,10,40,6,1.67e-06,7.43e-08,-1.76e-08,1.51e-08,"b","1-20","N","1"
"d|MAVBEL2-1-20|N|322","MAVBEL2","322",3,2,22,"322_1",0.357255232002347,0.126365750021127,0.203096599088803,0.108101937554967,58,53,8923,4,8,3,21,22,53,9,1.8e-06,7.19e-07,-7.83e-08,1.94e-08,"d","1-20","N","1"
"d|MAVBEL2-1-20|N|322","MAVBEL2","322",3,2,22,"322_2",0.421980865,0.12291414,0.206878143,0.123886751,59,63,8923,4,8,3,21,22,53,9,1.8e-06,7.19e-07,-7.83e-08,1.94e-08,"d","1-20","N","1"
"c|MHBUR1-4-20|Q|335","MHBUR1","335",1,1,19,"335_1",0.613337605,0.223533285,0.249779872,0.126876044,52,53,12764,5,6,5,4,4,3,3,7.56e-07,8.37e-07,5.79e-08,3.38e-08,"c","4-20","Q","1"
"c|MHBUR1-4-20|Q|335","MHBUR1","335",1,1,19,"335_2",0.537634875,0.26105286,0.179840398,0.109102744,67,70,12764,5,6,5,4,4,3,3,7.56e-07,8.37e-07,5.79e-08,3.38e-08,"c","4-20","Q","1"
"c|MHBUR1-4-20|Q|340","MHBUR1","340",1,2,7,"340_1",0.31280626,0.127109845,0.161389896,0.064761555,53,57,10512,3,2,1,16,14,73,9,8.1e-07,4.29e-07,5.46e-08,-2.64e-08,"c","4-20","Q","1"
"c|MHBUR1-4-20|Q|340","MHBUR1","340",1,2,7,"340_2",0.15365829,0.057523815,0.080742233,0.039244252,61,66,10512,3,2,1,16,14,73,9,8.1e-07,4.29e-07,5.46e-08,-2.64e-08,"c","4-20","Q","1"
"c|MHBUR1-4-20|Q|349","MHBUR1","349",1,6,8,"349_1",0.291285615,0.136522455,0.212258103,0.123020289,45,37,11241,3,2,1,29,27,59,14,1.2e-06,2.98e-07,4.94e-08,-4.15e-08,"c","4-20","Q","1"
"c|MHBUR1-4-20|Q|349","MHBUR1","349",1,6,8,"349_2",0.28032248,0.114533635,0.19958416,0.111193083,72,70,11241,3,2,1,29,27,59,14,1.2e-06,2.98e-07,4.94e-08,-4.15e-08,"c","4-20","Q","1"
"c|MHBUR1-4-20|Q|350","MHBUR1","350",3,2,3,"350_1",0.403504815,0.150485505,0.268989086,0.076567099,39,44,7252,5,7,5,11,14,14,10,1.2e-06,6.65e-07,3.83e-07,1.46e-07,"c","4-20","Q","1"
"c|MHBUR1-4-20|Q|350","MHBUR1","350",3,2,3,"350_2",0.52686481,0.15516681,0.319150311,0.108101937554967,48,55,7252,5,7,5,11,14,14,10,1.2e-06,6.65e-07,3.83e-07,1.46e-07,"c","4-20","Q","1"
"b|MHBUR1-4-20|Q|354","MHBUR1","354",1,2,9,"354_1",0.622048725,0.167721415,0.247693413,0.091751844,40,37,10708,5,3,1,14,15,35,11,4.55e-07,2.66e-07,8.86e-07,2.42e-07,"b","4-20","Q","1"
"b|MHBUR1-4-20|Q|354","MHBUR1","354",1,2,9,"354_2",0.444814105,0.17696139,0.247969308,0.072483897,50,58,10708,5,3,1,14,15,35,11,4.55e-07,2.66e-07,8.86e-07,2.42e-07,"b","4-20","Q","1"
"d|MHBUR1-4-20|Q|355","MHBUR1","355",3,5,21,"355_1",0.36601729,0.135153105,0.272455022,0.131165031,42,38,13313,4,4,2,48,40,110,24,6.34e-07,3.56e-07,2.21e-08,1.95e-07,"d","4-20","Q","1"
"d|MHBUR1-4-20|Q|355","MHBUR1","355",3,5,21,"355_2",0.44764696,0.11259494,0.25864301,0.172863511,58,60,13313,4,4,2,48,40,110,24,6.34e-07,3.56e-07,2.21e-08,1.95e-07,"d","4-20","Q","1"
"a|CBMCK1-1-0|N|35","CBMCK1","35",3,6,1,"35_1",0.444568285,-0.019359585,0.145560399,0.140652789,46,27,8622,3,4,1,10,9,30,5,3.59e-07,1.22e-07,-4.49e-08,6.75e-08,"a","1-0","N","1"
"a|CBMCK1-1-0|N|35","CBMCK1","35",3,6,1,"35_2",0.18823102,0.07178234,0.203096599088803,0.108101937554967,64,60,8622,3,4,1,10,9,30,5,3.59e-07,1.22e-07,-4.49e-08,6.75e-08,"a","1-0","N","1"
"b|CBMCK1-1-0|N|38","CBMCK1","38",3,6,5,"38_1",0.35162179,0.15327544,0.239813152,0.191806534,34,39,5619,3,1,5,28,30,61,22,5.59e-07,2.33e-07,1.46e-07,7.83e-08,"b","1-0","N","1"
"b|CBMCK1-1-0|N|38","CBMCK1","38",3,6,5,"38_2",0.354551995,0.10172265,0.229070476,0.154613656,43,44,5619,3,1,5,28,30,61,22,5.59e-07,2.33e-07,1.46e-07,7.83e-08,"b","1-0","N","1"
"d|MSMID1-1-20|Q|390","MSMID1","390",1,4,4,"390_1",0.15318858,0.0503534,0.185565227,0.096094985,64,78,10299,3,7,4,1,1,8,1,9.66109837837838e-07,2.94e-07,2.45e-10,2.17e-08,"d","1-20","Q","1"
"d|MSMID1-1-20|Q|390","MSMID1","390",1,4,4,"390_2",0.33980036,0.12762384,0.163028024,0.094177938,34,28,10299,3,7,4,1,1,8,1,9.66109837837838e-07,2.94e-07,2.45e-10,2.17e-08,"d","1-20","Q","1"
"d|MSMID1-1-20|Q|396","MSMID1","396",2,1,10,"396_1",0.592058705,0.155455495,0.204429572,0.140187065,64,63,8309,3,4,5,23,18,150,17,7.76e-07,7.59e-08,-1.12e-07,-1.99e-08,"d","1-20","Q","1"
"d|MSMID1-1-20|Q|396","MSMID1","396",2,1,10,"396_2",0.423584695,0.170052705,0.239088926,0.182058838,32,25,8309,3,4,5,23,18,150,17,7.76e-07,7.59e-08,-1.12e-07,-1.99e-08,"d","1-20","Q","1"
"d|RULEB1-20|N|426","RULEB1","426",3,1,2,"426_1",0.347443075,0.095148535,0.290112325,0.108101937554967,61,52,12474,4,4,1,17,20,70,14,5.25e-07,9.18e-08,-4.05e-08,-1.13e-08,"d","20","N","1"
"d|RULEB1-20|N|426","RULEB1","426",3,1,2,"426_2",0.25225916,0.08259393,0.250331662,0.088145196,66,67,12474,4,4,1,17,20,70,14,5.25e-07,9.18e-08,-4.05e-08,-1.13e-08,"d","20","N","1"
"c|CBMCK1-1-0|N|42","CBMCK1","42",4,3,15,"42_1",0.466253625,0.15687073,0.098192615,0.142396543,45,44,10757,3,8,5,15,12,62,7,1.14e-06,7.89e-08,-1.05062333696838e-08,-7.78381321776815e-09,"c","1-0","N","1"
"c|CBMCK1-1-0|N|42","CBMCK1","42",4,3,15,"42_2",0.205443965,0.04192022,0.123402553,0.103698188,63,67,10757,3,8,5,15,12,62,7,1.14e-06,7.89e-08,-1.05062333696838e-08,-7.78381321776815e-09,"c","1-0","N","1"
"b|SMAKC1-B|N|439","SMAKC1","439",4,4,5,"439_1",0.33275634,0.129592165,0.203096599088803,0.108101937554967,65,55,11558,4,5,2,16,16,77,10,5.79e-07,3.16e-08,-4.26e-08,9.52e-09,"b","B","N","1"
"b|SMAKC1-B|N|439","SMAKC1","439",4,4,5,"439_2",0.424604425,0.14030931,0.349050471,0.140057096,34,25,11558,4,5,2,16,16,77,10,5.79e-07,3.16e-08,-4.26e-08,9.52e-09,"b","B","N","1"
"b|SMAKC1-B|N|444","SMAKC1","444",4,3,19,"444_2",0.29062202,0.158486995,0.258436089,0.112806869,65,60,9761,3,6,5,43,42,86,41,6.95e-07,1.21e-07,-4.98e-08,-5.42e-09,"b","B","N","1"
"d|SMAKC1-B|N|445","SMAKC1","445",1,6,11,"445_1",0.339039415,0.13677472,0.204412328,0.119619426,57,55,9960,3,3,1,8,5,45,5,9e-07,1.24e-07,3.76e-08,6.98e-08,"d","B","N","1"
"d|SMAKC1-B|N|445","SMAKC1","445",1,6,11,"445_2",0.34088499,0.106422885,0.177822913,0.091112828,61,65,9960,3,3,1,8,5,45,5,9e-07,1.24e-07,3.76e-08,6.98e-08,"d","B","N","1"
"a|SMITH1-20|Q|456","SMITH1","456",1,4,15,"456_1",0.086472795,0.068366475,0.138266416,0.051147272,53,52,6162,3,6,4,2,2,3,2,5.06e-07,3.68e-07,3.36e-08,4.23e-08,"a","20","Q","1"
"a|SMITH1-20|Q|456","SMITH1","456",1,4,15,"456_2",0.170160595,0.152743955,0.123661205,0.084051164,52,51,6162,3,6,4,2,2,3,2,5.06e-07,3.68e-07,3.36e-08,4.23e-08,"a","20","Q","1"
"c|SMITH1-20|Q|467","SMITH1","467",3,2,1,"467_1",0.1423934,0.433056605,0.456908313,0.165054523,59,44,6316,2,4,1,18,18,94,8,1.68e-06,5.83e-07,-8.23e-08,-8.08e-08,"c","20","Q","1"
"c|SMITH1-20|Q|468","SMITH1","468",1,1,2,"468_1",0.310716495,0.070665255,0.259401722,0.107564774,40,43,16542,4,1,1,19,18,127,9,1.45e-06,1.26e-06,2.14e-08,1.05e-07,"c","20","Q","1"
"c|SMITH1-20|Q|468","SMITH1","468",1,1,2,"468_2",0.262106845,0.231037035,0.227863434,0.077260269,79,82,16542,4,1,1,19,18,127,9,1.45e-06,1.26e-06,2.14e-08,1.05e-07,"c","20","Q","1"
"b|VRCAN-1-40|Q|484","VRCAN","484",2,2,11,"484_1",0.229928895,0.09475059,0.203963998,0.105225327,41,37,8069,3,4,5,23,20,146,15,1.15e-06,-1.48e-07,-1.44e-08,9.84e-08,"b","1-40","Q","1"
"b|VRCAN-1-40|Q|484","VRCAN","484",2,2,11,"484_2",0.274071855,0.1116223,0.138731989,0.073415344,63,62,8069,3,4,5,23,20,146,15,1.15e-06,-1.48e-07,-1.44e-08,9.84e-08,"b","1-40","Q","1"
"b|VRCAN-1-40|Q|487","VRCAN","487",1,1,6,"487_2",0.27442799,0.103843445,0.151216254,0.08483098,67,72,7127,2,2,1,12,16,41,7,1.05e-06,3.82e-07,-5.86e-08,-6.67e-08,"b","1-40","Q","1"
"c|VRCAN-1-40|Q|491","VRCAN","491",2,2,21,"491_1",0.53816867,0.22200344,0.196376876,0.094546184,34,36,1452,2,8,6,10,13,72,3,9.82e-07,2.66e-07,1.08e-07,5.02e-08,"c","1-40","Q","1"
"c|VRCAN-1-40|Q|497","VRCAN","497",2,4,13,"497_2",0.174661365,0.089296235,0.116125813,0.057190844,43,42,3612,2,3,3,13,13,63,7,3.14e-07,1.98e-07,2.1e-07,7.13e-08,"c","1-40","Q","1"
"d|VRCAN-1-40|Q|501","VRCAN","501",4,1,22,"501_1",0.530831785,0.13076851,0.15064722,0.150985347,70,73,5209,2,8,5,21,20,60,9,1.33e-06,5.9e-07,-1.05062333696838e-08,-7.78381321776815e-09,"d","1-40","Q","1"
"e|VRCAN-1-40|Q|504","VRCAN","504",4,6,22,"504_1",0.357255232002347,0.126365750021127,0.203096599088803,0.108101937554967,46,42,7028,3,9,6,36,36,72,8,3e-07,1.06e-06,-8.84e-08,4.09e-08,"e","1-40","Q","1"
"e|VRCAN-1-40|Q|504","VRCAN","504",4,6,22,"504_2",0.285181015,0.15283161,0.18653086,0.127352598,49,56,7028,3,9,6,36,36,72,8,3e-07,1.06e-06,-8.84e-08,4.09e-08,"e","1-40","Q","1"
"a|VRPET2-3-20|Q|508","VRPET2","508",2,1,1,"508_1",0.26893831,0.09178123,0.203096599088803,0.108101937554967,52,52,10444,3,1,2,20,17,84,8,6.74e-07,1.58e-07,6.34e-08,-1.87e-07,"a","3-20","Q","1"
"a|VRPET2-3-20|Q|508","VRPET2","508",2,1,1,"508_2",0.12563068,0.24890443,0.203096599088803,0.108101937554967,60,65,10444,3,1,2,20,17,84,8,6.74e-07,1.58e-07,6.34e-08,-1.87e-07,"a","3-20","Q","1"
"b|VRPET2-3-20|Q|512","VRPET2","512",2,2,19,"512_1",0.252809995,0.100442395,0.212758163,0.075061621,53,42,11068,4,3,5,18,17,70,10,1.11e-06,6.85e-08,6.31e-08,-2.2e-08,"b","3-20","Q","1"
"b|VRPET2-3-20|Q|512","VRPET2","512",2,2,19,"512_2",0.440877135,0.041344085,0.172356736,0.085047595,62,65,11068,4,3,5,18,17,70,10,1.11e-06,6.85e-08,6.31e-08,-2.2e-08,"b","3-20","Q","1"
"b|VRPET2-3-20|Q|515","VRPET2","515",2,6,11,"515_1",0.355588765,0.12887714,0.225587297,0.08483098,39,35,4830,4,4,5,23,18,58,10,1.08e-06,3.57e-07,1.5e-07,-4.39e-08,"b","3-20","Q","1"
"b|VRPET2-3-20|Q|515","VRPET2","515",2,6,11,"515_2",0.4726016,0.172595725,0.173994865,0.086141503,45,45,4830,4,4,5,23,18,58,10,1.08e-06,3.57e-07,1.5e-07,-4.39e-08,"b","3-20","Q","1"
"c|VRPET2-3-20|Q|517","VRPET2","517",4,6,10,"517_1",0.411730815,0.140129885,0.179598989,0.167307324,51,46,6969,2,3,6,32,29,105,30,9.1e-07,2.38e-07,-1.7e-08,-8.24e-09,"c","3-20","Q","1"
"e|CRSOSO-3-40|Q|51","CRSORO","51",1,6,18,"51_1",0.24001751,0.11094102,0.20142921,0.140587804,47,41,9821,4,9,3,20,21,85,10,8.89e-07,4.22e-07,7.37e-08,1.14e-08,"e","3-40","Q","1"
"e|CRSOSO-3-40|Q|51","CRSORO","51",1,6,18,"51_2",0.392687705,0.147717175,0.173994865,0.091654367,71,68,9821,4,9,3,20,21,85,10,8.89e-07,4.22e-07,7.37e-08,1.14e-08,"e","3-40","Q","1"
"c|VRPET2-3-20|Q|521","VRPET2","521",4,2,9,"521_1",0.360219335,0.0825143,0.167632028,0.076783714,46,47,6572,2,4,4,8,12,9,3,6.08e-07,3.02e-07,-3.49e-07,-9.45e-09,"c","3-20","Q","1"
"d|VSGARO1-1-0|Q|543","VSGAR01","543",4,3,1,"543_1",0.4496556,0.15836148,0.278352285,0.131544108,56,52,9718,2,6,2,40,41,89,15,1.44e-06,4.97e-07,8.43e-08,-1.17e-07,"d","1-0","Q","1"
"d|VSGARO1-1-0|Q|543","VSGAR01","543",4,3,1,"543_2",0.192862405,0.080181775,0.158837864,0.079437254,83,82,9718,2,6,2,40,41,89,15,1.44e-06,4.97e-07,8.43e-08,-1.17e-07,"d","1-0","Q","1"
"e|CRSOSO-3-40|Q|54","CRSORO","54",1,4,12,"54_1",0.40201456,0.11829621,0.216258585,0.090473813,75,70,17238,4,8,2,8,6,33,4,9.63e-07,4.14e-07,-3.22e-08,5.9e-08,"e","3-40","Q","1"
"e|CRSOSO-3-40|Q|54","CRSORO","54",1,4,12,"54_2",0.18808581,0.107324125,0.155371928,0.082253255,81,84,17238,4,8,2,8,6,33,4,9.63e-07,4.14e-07,-3.22e-08,5.9e-08,"e","3-40","Q","1"
"d|CRSOSO-3-40|Q|62","CRSORO","62",1,2,4,"62_1",0.350746455,0.092714775,0.254176954,0.100004894,37,45,6385,3,7,4,27,25,136,11,1.59e-06,6e-08,-3.19e-07,1.19e-07,"d","3-40","Q","1"
"d|CRSOSO-3-40|Q|62","CRSORO","62",1,2,4,"62_2",0.635684095,0.213512235,0.16385571,0.081960824,64,65,6385,3,7,4,27,25,136,11,1.59e-06,6e-08,-3.19e-07,1.19e-07,"d","3-40","Q","1"
"d|CRSOSO-3-40|Q|64","CRSORO","64",2,6,5,"64_1",0.25297143,0.06703622,0.13435215,0.108101937554967,45,41,7806,3,7,3,19,26,78,4,7.1e-07,1.37e-07,1.36e-07,-7.96e-09,"d","3-40","Q","1"
"d|CRSOSO-3-40|Q|64","CRSORO","64",2,6,5,"64_2",0.16902566,0.05801353,0.10928016,0.039818283,59,62,7806,3,7,3,19,26,78,4,7.1e-07,1.37e-07,1.36e-07,-7.96e-09,"d","3-40","Q","1"
"d|CRSOSO-3-40|Q|68","CRSORO","68",4,2,11,"68_1",0.374988825,0.16827327,0.246520858,0.174867204,61,66,9665,4,3,6,7,5,8,4,1.26e-06,2.43e-07,-6.54e-08,-1.1e-07,"d","3-40","Q","1"
"d|CRSOSO-3-40|Q|68","CRSORO","68",4,2,11,"68_2",0.12204903,0.050745995,0.093967967,0.074054359,69,76,9665,4,3,6,7,5,8,4,1.26e-06,2.43e-07,-6.54e-08,-1.1e-07,"d","3-40","Q","1"
"b|CRSOSO-3-40|Q|74","CRSORO","74",3,6,21,"74_1",0.23180692,0.068669975,0.203096599088803,0.108101937554967,38,32,7518,4,4,2,9,12,28,9,6.59e-07,1.56e-07,-7.98e-08,-9.96e-09,"b","3-40","Q","1"
"b|CRSOSO-3-40|Q|74","CRSORO","74",3,6,21,"74_2",0.237312825,0.0828678,0.127989314,0.061057431,54,61,7518,4,4,2,9,12,28,9,6.59e-07,1.56e-07,-7.98e-08,-9.96e-09,"b","3-40","Q","1"
"a|CWRIC2-X2|Q|79","CWRIC2","79",2,6,18,"79_1",0.51036332,0.114708945,0.306028038,0.144974268,49,44,5368,3,2,6,29,26,68,10,1.04e-06,2.33e-07,-1.1e-07,-3.21e-07,"a","X2","Q","1"
"a|CWRIC2-X2|Q|79","CWRIC2","79",2,6,18,"79_2",0.437397725,0.18457296,0.169080479,0.078949869,50,55,5368,3,2,6,29,26,68,10,1.04e-06,2.33e-07,-1.1e-07,-3.21e-07,"a","X2","Q","1"
"a|CWRIC2-X2|Q|83","CWRIC2","83",2,3,3,"83_1",0.534394765,0.16250451,0.285042747,0.127969952,46,38,10739,3,7,3,20,20,103,10,1.34e-06,-1.11e-07,-1.12e-07,1.1e-07,"a","X2","Q","1"
"a|CWRIC2-X2|Q|83","CWRIC2","83",2,3,3,"83_2",0.657463525,0.18350711,0.190738265,0.126746075,72,68,10739,3,7,3,20,20,103,10,1.34e-06,-1.11e-07,-1.12e-07,1.1e-07,"a","X2","Q","1"
"b|CWRIC2-X2|Q|86","CWRIC2","86",1,1,16,"86_1",0.66321362,0.28450136,0.262919388,0.118081456,45,53,11129,4,9,3,29,24,58,12,8.58e-07,3.79e-07,3.13e-09,-4.95e-10,"b","X2","Q","1"
"b|CWRIC2-X2|Q|86","CWRIC2","86",1,1,16,"86_2",0.402063235,0.12470304,0.187496494,0.09225006,69,70,11129,4,9,3,29,24,58,12,8.58e-07,3.79e-07,3.13e-09,-4.95e-10,"b","X2","Q","1"
"b|CWRIC2-X2|Q|87","CWRIC2","87",3,6,17,"87_1",0.61589545,0.17762374,0.28047323,0.181506468,36,27,8126,3,7,4,38,44,54,15,9.16e-07,1.03e-07,-9.87e-08,7.18e-08,"b","X2","Q","1"
"b|CWRIC2-X2|Q|87","CWRIC2","87",3,6,17,"87_2",0.72594539,0.2339887,0.364828237,0.125901275,70,67,8126,3,7,4,38,44,54,15,9.16e-07,1.03e-07,-9.87e-08,7.18e-08,"b","X2","Q","1"
"b|CWRIC2-X2|Q|88","CWRIC2","88",1,1,17,"88_1",0.29782829,0.17787477,0.194962912,0.106514189,56,57,13018,4,8,3,38,38,95,13,1.25e-06,3.37e-07,7.38e-08,-8.92e-09,"b","X2","Q","1"
"b|CWRIC2-X2|Q|88","CWRIC2","88",1,1,17,"88_2",0.50783874,0.219651985,0.170149573,0.099560832,81,75,13018,4,8,3,38,38,95,13,1.25e-06,3.37e-07,7.38e-08,-8.92e-09,"b","X2","Q","1"
"b|CWRIC2-X2|Q|89","CWRIC2","89",3,4,6,"89_1",0.357255232002347,0.126365750021127,0.203096599088803,0.108101937554967,57,57,3249,1,1,6,12,17,50,7,7.81e-07,-7.33e-08,2.49e-08,-2.8e-07,"b","X2","Q","1"
"c|CWRIC2-X2|Q|93","CWRIC2","93",2,6,16,"93_1",0.566004025,0.16928233,0.239795908,0.129876169,49,50,6281,5,9,2,16,17,69,9,6.3e-07,5.59e-07,8.98e-08,-1.01e-07,"c","X2","Q","1"
"c|CWRIC2-X2|Q|93","CWRIC2","93",2,6,16,"93_2",0.56695967,0.18575877,0.213068545,0.132432231,30,35,6281,5,9,2,16,17,69,9,6.3e-07,5.59e-07,8.98e-08,-1.01e-07,"c","X2","Q","1"
"c|CWRIC2-X2|Q|95","CWRIC2","95",1,3,10,"95_1",0.375846305,0.117173775,0.269661581,0.150010578,43,47,15967,4,3,1,20,15,123,12,1.15e-06,2.23e-07,-3.87e-09,-9.22e-10,"c","X2","Q","1"
"c|CWRIC2-X2|Q|95","CWRIC2","95",1,3,10,"95_2",0.223954095,0.128144625,0.242641079,0.135118263,66,62,15967,4,3,1,20,15,123,12,1.15e-06,2.23e-07,-3.87e-09,-9.22e-10,"c","X2","Q","1"
"a|CWRIC2-X2|Q|99","CWRIC2","99",2,4,17,"99_1",0.35452036,0.152213705,0.22908772,0.090051413,47,43,9329,4,2,6,34,34,45,20,9.8e-07,-9.51e-08,-1.09e-07,2.04e-07,"a","X2","Q","1"
"a|CWRIC2-X2|Q|99","CWRIC2","99",2,4,17,"99_2",0.41294606,0.190776085,0.209671584,0.101217941,56,56,9329,4,2,6,34,34,45,20,9.8e-07,-9.51e-08,-1.09e-07,2.04e-07,"a","X2","Q","1"
"a|KVEDG1-1-80|Q|273","KVEDG1","273da",4,4,9,"273da_1",0.303834725,0.09398968,0.203096599088803,0.108101937554967,47,41,10523,3,4,4,14,12,50,8,5.18e-07,1.03e-07,9.61e-08,-1.87e-08,"a","1-80","Q","1"
"a|KVEDG1-1-80|Q|273","KVEDG1","273da",4,4,9,"273da_2",0.357255232002347,0.126365750021127,0.203096599088803,0.108101937554967,69,69,10523,3,4,4,14,12,50,8,5.18e-07,1.03e-07,9.61e-08,-1.87e-08,"a","1-80","Q","1"
"d|CBMCK1-3-60|N|i115","CBMCK1","i115",4,2,16,"i115_1",0.19695918,0.072868355,0.168597662,0.175311266,42,38,9719,4,8,4,16,12,43,15,1.44e-06,9.44e-08,-1.08e-07,4.77e-09,"d","3-60","N","1"
"d|CBMCK1-3-60|N|i116","CBMCK1","i116",3,6,12,"i116_1",0.41265238,0.042810555,0.203096599088803,0.108101937554967,50,45,9153,3,2,5,19,15,80,9,1.55e-06,1.26e-07,4.93e-08,-2.64e-08,"d","3-60","N","1"
"d|CBMCK1-3-60|N|i116","CBMCK1","i116",3,6,12,"i116_2",0.357255232002347,0.126365750021127,0.203096599088803,0.108101937554967,65,63,9153,3,2,5,19,15,80,9,1.55e-06,1.26e-07,4.93e-08,-2.64e-08,"d","3-60","N","1"
"d|CBMCK1-3-60|N|i117","CBMCK1","i117",4,2,12,"i117_1",0.363734455,0.162605745,0.212102912,0.138789896,41,39,10014,3,3,6,12,10,62,9,1.39e-06,-2.08e-07,1.65e-07,-7.2e-08,"d","3-60","N","1"
"d|CBMCK1-3-60|N|i117","CBMCK1","i117",4,2,12,"i117_2",0.33010033,0.107925775,0.154509755,0.103275788,75,55,10014,3,3,6,12,10,62,9,1.39e-06,-2.08e-07,1.65e-07,-7.2e-08,"d","3-60","N","1"
"c|DSGAR1-3-60|V|i119","DSGAR1","i119",4,6,11,"i119_1",0.539787095,0.161753065,0.293250634,0.177802344,56,58,9008,2,3,6,39,37,69,36,1.82e-06,2.67e-07,-4.72e-08,4.72e-08,"c","3-60","V","1"
"e|JKFRS1-6-0|V|i122","JKFRS1","i122",2,4,12,"i122_1",0.171600545,0.06900187,0.111504566,0.082296578,63,62,8132,4,3,3,26,27,72,22,1.6e-06,7.32e-08,-4.81e-08,-1.35e-07,"e","6-0","V","1"
"a|MAVELK-1-20|N|i125","MAVELK1","i125",3,6,14,"i125_1",0.259514105,0.108388535,0.141732351,0.135183248,53,49,8120,3,5,5,8,5,12,5,1.04e-06,2.38e-07,7.29e-09,-3.21e-08,"a","1-20","N","1"
"a|MAVELK-1-20|N|i125","MAVELK1","i125",3,6,14,"i125_2",0.357255232002347,0.126365750021127,0.203096599088803,0.108101937554967,58,62,8120,3,5,5,8,5,12,5,1.04e-06,2.38e-07,7.29e-09,-3.21e-08,"a","1-20","N","1"
"d|MBSGF1-X1|N|i135","MBSGF1","i135",3,4,11,"i135_1",0.229831545,0.08193693,0.154578729,0.105647727,38,41,8989,3,2,5,9,5,8,4,8.41e-07,1.65e-07,-6.3e-08,8.33e-08,"d","X1","N","1"
"d|MBSGF1-X1|N|i135","MBSGF1","i135",3,4,11,"i135_2",0.401658425,0.126075065,0.203096599088803,0.108101937554967,64,60,8989,3,2,5,9,5,8,4,8.41e-07,1.65e-07,-6.3e-08,8.33e-08,"d","X1","N","1"
"c|NSLJU1-4-0|V|i141","NSLJU1","i141",1,6,16,"i141_1",0.64055804,0.199183545,0.438733706,0.167004062,33,21,11789,3,6,4,41,33,129,15,1.57e-06,1.96326241513514e-07,-1.05062333696838e-08,6.27e-10,"c","4-0","V","1"
"c|NSLJU1-4-0|V|i141","NSLJU1","i141",1,6,16,"i141_2",0.653107965,0.211413045,0.355896124,0.164902892,72,73,11789,3,6,4,41,33,129,15,1.57e-06,1.96326241513514e-07,-1.05062333696838e-08,6.27e-10,"c","4-0","V","1"
"d|NSRIB1-2-40|V|i144","NSRIB1","i144",1,1,7,"i144_1",0.442158095,0.155295,0.201774079,0.136125525,48,44,11842,3,2,1,8,7,22,6,1.39e-06,5.84e-07,3.67e-08,4.8e-08,"d","2-40","V","1"
"d|NSRIB1-2-40|V|i144","NSRIB1","i144",1,1,7,"i144_2",0.45255417,0.157299745,0.152561244,0.087278734,70,69,11842,3,2,1,8,7,22,6,1.39e-06,5.84e-07,3.67e-08,4.8e-08,"d","2-40","V","1"
"a|SEBRN-1-20|N|i145","SEBRN","i145",1,1,8,"i145_1",0.21214889,0.104628635,0.146577764,0.068205741,56,54,10352,3,3,1,42,45,120,38,1.18e-06,7.77e-07,-1.23e-07,-1.53e-09,"a","1-20","N","1"
"a|SEBRN-1-20|N|i145","SEBRN","i145",1,1,8,"i145_2",0.36332883,0.109215495,0.161855469,0.074855837,62,64,10352,3,3,1,42,45,120,38,1.18e-06,7.77e-07,-1.23e-07,-1.53e-09,"a","1-20","N","1"
"c|SEBRN-1-20|N|i148","SEBRN","i148",2,5,6,"i148_1",0.263789355,0.124566825,0.203096599088803,0.108101937554967,45,33,13676,4,7,2,17,18,53,32,1.98e-06,-1.61e-08,1.87e-08,-5.25e-08,"c","1-20","N","1"
"c|SEBRN-1-20|N|i148","SEBRN","i148",2,5,6,"i148_2",0.31385844,0.10163767,0.302372425,0.114767239,65,67,13676,4,7,2,17,18,53,32,1.98e-06,-1.61e-08,1.87e-08,-5.25e-08,"c","1-20","N","1"
"b|SEBRN-1-20|N|i151","SEBRN","i151",1,2,5,"i151_1",0.27378062,0.127943595,0.341773731,0.096062492,62,60,15404,4,1,3,27,24,93,18,1.81e-06,8.06e-07,1.04e-07,-9.08e-09,"b","1-20","N","1"
"b|SEBRN-1-20|N|i151","SEBRN","i151",1,2,5,"i151_2",0.3247729,0.11721966,0.214689431,0.0789607,80,77,15404,4,1,3,27,24,93,18,1.81e-06,8.06e-07,1.04e-07,-9.08e-09,"b","1-20","N","1"
"e|SEBRN-1-20|N|i152","SEBRN","i152",1,5,15,"i152_1",0.374503705,0.21372952,0.303734658,0.127710014,45,43,10166,4,6,4,26,24,91,21,1.46e-06,2.09e-07,5.46e-08,-9.79e-08,"e","1-20","N","1"
"e|SEBRN-1-20|N|i152","SEBRN","i152",1,5,15,"i152_2",0.467030795,0.14985546,0.288284518,0.070436881,69,66,10166,4,6,4,26,24,91,21,1.46e-06,2.09e-07,5.46e-08,-9.79e-08,"e","1-20","N","1"
"e|SMITH1-1-0|Q|i159","SMITH1","i159",1,2,15,"i159_1",0.41040281,0.12929669,0.254142467,0.108247113,31,35,11617,4,6,4,31,32,202,18,1.8e-06,2.87e-07,3.71e-08,7.31e-08,"e","1-0","Q","1"
"e|SMITH1-1-0|Q|i159","SMITH1","i159",1,2,15,"i159_2",0.3706649,0.14568815,0.201946514,0.094112953,69,60,11617,4,6,4,31,32,202,18,1.8e-06,2.87e-07,3.71e-08,7.31e-08,"e","1-0","Q","1"
"e|SMITH1-1-0|Q|i160","SMITH1","i160",2,5,9,"i160_1",0.31071731,0.12542753,0.171408346,0.093084029,35,39,6235,4,3,4,5,5,4,4,9.17e-07,5.85e-07,4.09e-08,2.02e-08,"e","1-0","Q","1"
"e|SMITH1-1-0|Q|i160","SMITH1","i160",2,5,9,"i160_2",0.264409165,0.424769105,0.12747201,0.050259149,46,52,6235,4,3,4,5,5,4,4,9.17e-07,5.85e-07,4.09e-08,2.02e-08,"e","1-0","Q","1"
"b|WSSWM3-3-80|V|i161","WSSWM3","i161",4,1,1,"i161_1",0.58184029,0.122180185,0.33848023,0.101878618,46,41,7226,4,6,2,23,29,20,10,1.04e-06,-5.87e-08,1.35e-07,-5.67e-08,"b","3-80","V","1"
"b|WSSWM3-3-80|V|i161","WSSWM3","i161",4,1,1,"i161_2",0.634145165,0.17491611,0.427008153,0.140912727,52,59,7226,4,6,2,23,29,20,10,1.04e-06,-5.87e-08,1.35e-07,-5.67e-08,"b","3-80","V","1"
"d|JARI1-1-80|Q|178","JARI1","178",1,3,5,NA,0.357255232002347,0.126365750021127,0.203096599088803,0.108101937554967,53.2796803652968,52.3869863013699,11053,3,1,3,5,6,42,6,1.15e-06,3.33e-07,1.55e-07,-7.54e-08,"d","1-80","Q","1"
"d|MSMID1-1-20|Q|391","MSMID1","391",1,1,15,NA,0.357255232002347,0.126365750021127,0.203096599088803,0.108101937554967,53.2796803652968,52.3869863013699,4960,2,6,4,13,13,59,7,1.41e-06,4.04e-07,1.58e-07,-3.41e-08,"d","1-20","Q","1"
"e|DVGM-20|Q|131","DVGM","131",2,1,6,NA,0.357255232002347,0.126365750021127,0.203096599088803,0.108101937554967,53.2796803652968,52.3869863013699,2927,2,1,4,39,41,109,25,1.25e-06,3.41e-07,-2.17e-07,-2.06e-07,"e","20","Q","1"
"c|BWPEM1-9-0|Q|13","BWPEM1","13",3,6,19,NA,0.357255232002347,0.126365750021127,0.203096599088803,0.108101937554967,53.2796803652968,52.3869863013699,9510,2,9,4,26,26,64,8,1.02e-06,-9.9e-08,1.11e-07,-4.16e-08,"c","9-0","Q","1"
"e|JARI1-1-80|Q|170","JARI1","170",3,1,11,NA,0.357255232002347,0.126365750021127,0.203096599088803,0.108101937554967,53.2796803652968,52.3869863013699,14947,3,2,5,9,8,35,8,1.42e-06,5.86e-07,-1.34e-08,-1.19e-07,"e","1-80","Q","1"
"c|MSMID1-1-20|Q|386","MSMID1","386",3,1,14,NA,0.357255232002347,0.126365750021127,0.203096599088803,0.108101937554967,53.2796803652968,52.3869863013699,7450,3,5,5,5,5,29,3,1.38e-06,9.41e-08,1.37e-08,1.39e-08,"c","1-20","Q","1"
"c|MSMID1-1-20|Q|382","MSMID1","382",3,2,14,NA,0.357255232002347,0.126365750021127,0.203096599088803,0.108101937554967,53.2796803652968,52.3869863013699,3355,1,5,5,20,18,125,7,8.34e-07,-3.24e-08,1.03e-07,-4.51e-07,"c","1-20","Q","1"
"b|MSMID1-1-20|Q|379","MSMID1","379",4,6,5,NA,0.357255232002347,0.126365750021127,0.203096599088803,0.108101937554967,53.2796803652968,52.3869863013699,9539,3,5,2,34,34,90,17,1.07e-06,5.9e-08,-4.47e-08,5.94e-08,"b","1-20","Q","1"
"c|SMAKC1-B|N|441","SMAKC1","441",1,2,11,NA,0.357255232002347,0.126365750021127,0.203096599088803,0.108101937554967,53.2796803652968,52.3869863013699,7532,3,8,2,4,5,9,1,6.36e-07,2.36e-07,-4.47e-08,4.49e-08,"c","B","N","1"
"c|JARI1-1-80|Q|177","JARI1","177",1,4,2,NA,0.357255232002347,0.126365750021127,0.203096599088803,0.108101937554967,53.2796803652968,52.3869863013699,14282,4,1,1,16,21,63,10,7.67e-07,8.63e-08,-1.01e-07,-1.94e-08,"c","1-80","Q","1"
"b|EFCC2-4-80|Q|142","EFCC2","142",1,6,4,NA,0.357255232002347,0.126365750021127,0.203096599088803,0.108101937554967,53.2796803652968,52.3869863013699,9329,3,7,4,20,11,102,8,1.56e-06,3.24e-08,-6.85e-08,6.54e-08,"b","4-80","Q","1"
"e|JWBOY-2-80|Q|264","JWBOY1","264",1,2,17,NA,0.357255232002347,0.126365750021127,0.203096599088803,0.108101937554967,53.2796803652968,52.3869863013699,18568,4,9,3,18,14,78,9,8.01e-07,1.63e-07,5.58e-08,1.01e-07,"e","2-80","Q","1"
"b|SMAKC1-B|N|438","SMAKC1","438",1,3,19,NA,0.357255232002347,0.126365750021127,0.203096599088803,0.108101937554967,53.2796803652968,52.3869863013699,11813,4,6,6,20,20,101,15,1.02e-06,2.22e-07,6.98e-08,-3.33e-08,"b","B","N","1"
"b|CWRIC2-X2|Q|85","CWRIC2","85",3,2,5,"85_2",0.178062095,0.099676135,0.133576195,0.073870236,53.2796803652968,52.3869863013699,10321,4,1,4,10,9,37,6,3.86e-07,2.86e-07,1.71e-07,-6.05e-09,"b","X2","Q","1"
"c|SMITH1-20|Q|467","SMITH1","467",3,2,1,"467_2",0.28875859,0.07717867,0.256573795,0.097947047,53.2796803652968,52.3869863013699,6316,2,4,1,18,18,94,8,1.68e-06,5.83e-07,-8.23e-08,-8.08e-08,"c","20","Q","1"
